timestamp,ms,utc_date,utc_time,fix,lat,lon,alt_m,speed_kmh,course_deg,sats,hdop,batt_mv,tx_seq,ax_g,ay_g,az_g,gx_dps,gy_dps,gz_dps,accel_mag_max_g,gyro_mag_max_dps,imu_temp_c,imu_samples
2026-09-13T08:16:33Z,424841,2026-09-13,08:16:33,1,51.4678180,-0.9819833,40.2,0.00,80.7,12,0.9,0,10,-1.0188,0.0566,0.1460,-15.38,9.24,8.20,1.0308,19.73,23.5,44
2026-09-13T08:16:34Z,426040,2026-09-13,08:16:34,1,51.4678180,-0.9819832,40.2,0.00,80.7,12,0.9,0,11,-0.3823,0.2273,-1.2473,-13.85,-34.38,255.99,2.3378,373.27,23.5,44
2026-09-13T08:16:35Z,427039,2026-09-13,08:16:35,1,51.4678248,-0.9819903,39.9,0.00,80.7,12,0.9,0,11,-0.1387,0.3413,-1.2207,130.81,-174.77,255.99,2.4622,359.39,23.5,44
2026-09-13T08:16:36Z,428039,2026-09-13,08:16:36,1,51.4678283,-0.9819948,38.4,3.37,80.7,12,0.9,0,11,-0.5188,1.1213,-0.6655,29.01,21.46,-22.23,1.9842,296.80,23.5,44
2026-09-13T08:16:37Z,429039,2026-09-13,08:16:37,1,51.4678262,-0.9819982,39.1,1.30,80.7,12,0.9,0,11,-0.2507,0.6975,-0.4028,-14.92,-64.69,-91.92,2.7052,183.23,23.5,44
2026-09-13T08:16:38Z,430039,2026-09-13,08:16:38,1,51.4678305,-0.9820027,38.7,1.70,80.7,12,0.9,0,11,-0.1396,0.9011,-0.5039,27.60,26.15,7.54,1.6510,151.57,23.5,44
2026-09-13T08:16:39Z,431039,2026-09-13,08:16:39,1,51.4678312,-0.9820103,38.7,1.91,80.7,13,0.8,0,11,-0.0457,0.8984,-0.5500,5.88,15.27,-20.92,1.4767,92.13,23.5,44
2026-09-13T08:16:40Z,432039,2026-09-13,08:16:40,1,51.4678310,-0.9820098,38.7,2.57,80.7,13,0.8,0,11,-0.0732,0.9297,-0.4028,15.71,-10.73,29.30,1.1401,34.93,23.5,44
2026-09-13T08:16:41Z,433039,2026-09-13,08:16:41,1,51.4678310,-0.9820100,38.8,0.00,80.7,13,0.8,0,11,-0.0527,0.7585,-0.7444,-0.64,9.05,-2.91,1.5169,117.46,23.5,44
2026-09-13T08:16:42Z,434039,2026-09-13,08:16:42,1,51.4678312,-0.9820102,38.9,0.00,80.7,13,0.8,0,11,-0.0813,0.8359,-0.5540,-0.95,15.09,-5.65,1.1796,84.76,23.5,44
2026-09-13T08:16:43Z,435050,2026-09-13,08:16:43,1,51.4678317,-0.9820108,38.9,0.00,80.7,13,0.8,0,11,-0.2017,0.7710,-0.5779,7.20,10.45,-7.48,1.3674,94.01,23.5,44
2026-09-13T08:16:44Z,436049,2026-09-13,08:16:44,1,51.4678320,-0.9820107,38.9,0.00,80.7,13,0.8,0,11,-0.1450,0.8013,-0.5828,18.96,-16.46,18.04,1.1257,114.26,23.5,44
2026-09-13T08:16:45Z,437049,2026-09-13,08:16:45,1,51.4678325,-0.9820108,39.0,0.00,80.7,13,0.8,0,11,-0.2261,0.8621,-0.5564,10.73,5.25,-1.04,1.0744,24.15,23.5,44
2026-09-13T08:16:46Z,438049,2026-09-13,08:16:46,1,51.4678330,-0.9820113,39.0,0.00,80.7,13,0.8,0,11,-0.2036,0.8528,-0.5593,15.40,-8.18,2.20,1.0786,26.27,23.5,44
2026-09-13T08:16:47Z,439049,2026-09-13,08:16:47,1,51.4678335,-0.9820117,39.1,0.00,80.7,13,0.8,0,11,-0.1633,0.9197,-0.5964,-4.12,-9.69,7.30,1.2288,23.67,23.5,44
2026-09-13T08:16:48Z,440049,2026-09-13,08:16:48,1,51.4678338,-0.9820122,39.1,0.00,80.7,13,0.8,0,11,-0.2043,0.8887,-0.4841,13.78,3.61,4.91,1.1202,30.15,23.5,44
2026-09-13T08:16:49Z,441049,2026-09-13,08:16:49,1,51.4678345,-0.9820120,39.2,0.00,80.7,13,0.8,0,11,-0.2095,0.8625,-0.4893,14.12,7.55,-4.93,1.1517,21.23,23.5,44
2026-09-13T08:16:50Z,442049,2026-09-13,08:16:50,1,51.4678350,-0.9820118,39.2,0.00,80.7,13,0.8,0,11,-0.2373,0.8711,-0.4619,12.14,-4.43,6.72,1.1227,19.76,23.5,44
2026-09-13T08:16:51Z,443049,2026-09-13,08:16:51,1,51.4678355,-0.9820115,39.2,0.00,80.7,13,0.8,0,11,-0.1960,0.8953,-0.4932,12.01,8.07,-4.66,1.0946,17.65,23.5,44
2026-09-13T08:16:52Z,444049,2026-09-13,08:16:52,1,51.4678357,-0.9820108,39.3,0.00,80.7,13,0.8,0,11,-0.2451,0.9702,-0.5464,13.27,-7.05,6.82,1.1401,19.96,23.5,44
2026-09-13T08:16:53Z,445049,2026-09-13,08:16:53,1,51.4678358,-0.9820102,39.3,0.00,80.7,13,0.8,0,11,-0.2742,0.8997,-0.5403,-3.63,12.84,-2.91,1.1659,32.50,23.5,44
2026-09-13T08:16:54Z,446049,2026-09-13,08:16:54,1,51.4678360,-0.9820095,39.4,0.00,80.7,13,0.8,0,11,-0.2415,0.9094,-0.5762,18.64,8.62,9.91,1.1537,44.50,23.5,44
2026-09-13T08:16:55Z,447049,2026-09-13,08:16:55,1,51.4678363,-0.9820093,39.5,0.00,80.7,13,0.8,0,11,-0.1328,0.9238,-0.5532,3.23,0.99,21.00,1.0877,30.32,23.5,44
2026-09-13T08:16:56Z,448049,2026-09-13,08:16:56,1,51.4678363,-0.9820088,39.5,0.00,80.7,13,0.8,0,11,0.9045,0.7498,-0.3181,3.91,6.27,-4.47,1.2395,95.91,23.5,44
2026-09-13T08:16:57Z,449049,2026-09-13,08:16:57,1,51.4678363,-0.9820082,39.6,0.00,80.7,13,0.8,0,11,-0.2256,0.8000,-0.6838,4.51,-36.59,-15.27,1.2566,87.03,23.6,44
2026-09-13T08:16:58Z,450049,2026-09-13,08:16:58,1,51.4678363,-0.9820073,39.7,0.00,80.7,13,0.8,0,11,-0.3357,0.8711,-0.5210,-17.05,62.47,-5.87,1.1534,65.02,23.6,44
2026-09-13T08:16:59Z,451049,2026-09-13,08:16:59,1,51.4678365,-0.9820070,39.7,0.00,80.7,13,0.8,0,11,-0.4380,0.8286,-0.4224,-5.98,29.09,-21.81,1.1358,63.13,23.6,44
2026-09-13T08:17:00Z,452049,2026-09-13,08:17:00,1,51.4678365,-0.9820065,39.8,0.00,80.7,13,0.8,0,11,-0.4043,0.8789,-0.3916,16.87,-0.01,-1.69,1.1332,33.02,23.6,44
2026-09-13T08:17:01Z,453049,2026-09-13,08:17:01,1,51.4678363,-0.9820060,39.8,0.00,80.7,13,0.8,0,11,-0.4365,0.8220,-0.4597,12.89,0.71,-2.00,1.0520,23.42,23.6,44
2026-09-13T08:17:02Z,454049,2026-09-13,08:17:02,1,51.4678363,-0.9820058,39.9,0.00,80.7,13,0.8,0,11,-0.4460,0.7886,-0.4700,12.06,2.52,-0.39,1.0419,12.89,23.6,44
2026-09-13T08:17:03Z,455049,2026-09-13,08:17:03,1,51.4678362,-0.9820053,39.9,0.00,80.7,13,0.8,0,11,-0.4724,0.7788,-0.5283,15.02,7.39,-0.62,1.0530,16.85,23.5,44
2026-09-13T08:17:04Z,456254,2026-09-13,08:17:04,1,51.4678362,-0.9820050,39.9,0.00,80.7,13,0.8,0,12,-0.3767,0.8665,-0.4011,10.52,2.36,4.45,1.0811,46.90,23.6,44
2026-09-13T08:17:05Z,457253,2026-09-13,08:17:05,1,51.4678360,-0.9820045,39.9,0.00,80.7,13,0.8,0,12,-0.3577,0.7974,-0.5471,13.75,-1.09,-3.25,1.0779,32.74,23.5,44
2026-09-13T08:17:06Z,458253,2026-09-13,08:17:06,1,51.4678360,-0.9820040,39.9,0.00,80.7,13,0.8,0,12,-0.3616,0.8115,-0.5457,28.38,-19.89,19.82,1.0676,44.88,23.6,44
2026-09-13T08:17:07Z,459253,2026-09-13,08:17:07,1,51.4678358,-0.9820037,39.9,0.00,80.7,13,0.8,0,12,-0.2678,0.8577,-0.5449,10.79,-4.75,3.64,1.0714,42.19,23.5,44
2026-09-13T08:17:08Z,460262,2026-09-13,08:17:08,1,51.4678358,-0.9820037,40.0,0.00,80.7,13,0.8,0,12,-0.2815,0.8474,-0.5439,4.16,-11.64,6.69,1.0623,17.77,23.5,44
2026-09-13T08:17:09Z,461261,2026-09-13,08:17:09,1,51.4678357,-0.9820035,40.0,0.00,80.7,13,0.8,0,12,-0.3472,0.7776,-0.5786,-2.96,18.11,-17.45,1.0743,25.32,23.6,44
2026-09-13T08:17:10Z,462261,2026-09-13,08:17:10,1,51.4678357,-0.9820032,40.0,0.00,80.7,13,0.8,0,12,-0.4553,0.8127,-0.4934,8.66,-11.95,10.02,1.0881,64.15,23.5,44
2026-09-13T08:17:11Z,463261,2026-09-13,08:17:11,1,51.4678355,-0.9820028,40.0,0.00,80.7,13,0.8,0,12,-0.3684,0.7952,-0.5032,10.30,10.63,4.17,1.0597,21.79,23.6,44
2026-09-13T08:17:12Z,464261,2026-09-13,08:17:12,1,51.4678355,-0.9820027,40.0,0.00,80.7,13,0.8,0,12,-0.3904,0.8262,-0.4927,8.25,1.31,-1.42,1.0426,16.62,23.5,44
2026-09-13T08:17:13Z,465261,2026-09-13,08:17:13,1,51.4678353,-0.9820023,40.1,0.00,80.7,13,0.8,0,12,-0.4014,0.8032,-0.4890,12.14,0.70,-1.12,1.0416,12.21,23.5,44
2026-09-13T08:17:14Z,466261,2026-09-13,08:17:14,1,51.4678353,-0.9820022,40.1,0.00,80.7,13,0.8,0,12,-0.4690,0.8682,-0.3818,38.09,-41.14,53.27,1.0825,77.34,23.5,44
2026-09-13T08:17:15Z,467261,2026-09-13,08:17:15,1,51.4678355,-0.9820017,40.1,0.00,80.7,13,0.8,0,12,-0.4563,0.8206,-0.4851,6.91,10.13,-1.23,1.0741,80.70,23.5,44
2026-09-13T08:17:16Z,468261,2026-09-13,08:17:16,1,51.4678352,-0.9820018,40.1,0.00,80.7,13,0.8,0,12,-0.3960,0.8027,-0.5046,8.47,3.02,-0.99,1.0443,16.96,23.6,44
2026-09-13T08:17:17Z,469261,2026-09-13,08:17:17,1,51.4678352,-0.9820017,40.1,0.00,80.7,13,0.8,0,12,-0.2812,0.8726,-0.4436,14.99,-7.69,36.52,1.0995,40.22,23.5,44
2026-09-13T08:17:18Z,470261,2026-09-13,08:17:18,1,51.4678352,-0.9820015,40.2,0.00,80.7,13,0.8,0,12,-0.3777,0.6833,-0.6323,-5.39,-29.06,-3.48,1.1817,142.81,23.6,44
2026-09-13T08:17:19Z,471261,2026-09-13,08:17:19,1,51.4678350,-0.9820013,40.2,0.00,80.7,13,0.8,0,12,-0.2803,0.9705,-0.8911,65.30,-17.49,27.71,1.4704,79.58,23.5,44
2026-09-13T08:17:20Z,472261,2026-09-13,08:17:20,1,51.4678350,-0.9820012,40.2,0.00,80.7,13,0.8,0,12,-0.0833,0.8508,-0.3811,10.03,22.27,4.37,1.4967,73.72,23.5,44
2026-09-13T08:17:21Z,473261,2026-09-13,08:17:21,1,51.4678375,-0.9819957,40.7,0.00,80.7,13,0.8,0,12,1.1274,0.4912,-0.1672,3.60,23.53,17.38,1.8661,116.88,23.6,44
2026-09-13T08:17:22Z,474261,2026-09-13,08:17:22,1,51.4678378,-0.9819948,40.6,1.80,80.7,13,0.8,0,12,1.0457,0.3020,-0.1816,14.58,-0.83,0.65,1.2548,26.94,23.6,44
2026-09-13T08:17:23Z,475261,2026-09-13,08:17:23,1,51.4678377,-0.9819948,40.4,0.00,80.7,13,0.8,0,12,1.0425,0.2800,-0.1343,3.78,-4.14,-0.05,1.1302,22.50,23.6,44
2026-09-13T08:17:24Z,476261,2026-09-13,08:17:24,1,51.4678375,-0.9819940,40.3,0.00,80.7,13,0.8,0,12,0.9380,0.2747,-0.1992,4.29,6.89,-3.95,1.0812,13.21,23.6,44
2026-09-13T08:17:25Z,477261,2026-09-13,08:17:25,1,51.4678377,-0.9819935,40.0,0.00,80.7,13,0.8,0,12,0.5208,0.4255,-0.7627,35.09,-21.18,-123.44,1.3184,130.06,23.6,44
2026-09-13T08:17:26Z,478261,2026-09-13,08:17:26,1,51.4678375,-0.9819925,40.0,0.00,80.7,13,0.8,0,12,-0.3345,0.5947,-0.5967,-30.69,27.44,-55.59,1.1795,159.23,23.6,44
2026-09-13T08:17:27Z,479261,2026-09-13,08:17:27,1,51.4678493,-0.9819948,40.2,0.00,80.7,13,0.8,0,12,0.3706,0.4951,-0.8259,31.16,117.13,9.95,1.4929,121.61,23.6,44
2026-09-13T08:17:28Z,480261,2026-09-13,08:17:28,1,51.4678580,-0.9819940,39.7,5.28,351.9,13,0.8,0,12,1.1099,0.3911,-0.2683,22.52,-38.88,-12.60,1.3599,151.95,23.5,44
2026-09-13T08:17:29Z,481261,2026-09-13,08:17:29,1,51.4678573,-0.9819940,39.8,2.65,351.9,13,0.8,0,12,-0.2253,0.7551,-0.5493,-5.53,9.47,-29.77,1.3588,122.09,23.6,44
2026-09-13T08:17:30Z,482261,2026-09-13,08:17:30,1,51.4678568,-0.9819947,39.9,0.00,351.9,13,0.8,0,12,-0.2378,0.7917,-0.3425,21.09,-12.27,13.24,1.3249,43.98,23.6,44
2026-09-13T08:17:31Z,483261,2026-09-13,08:17:31,1,51.4678565,-0.9819958,40.0,0.00,351.9,13,0.8,0,12,-0.3108,0.6765,-0.5161,-12.55,5.90,-22.55,1.3012,44.97,23.6,44
2026-09-13T08:17:32Z,484261,2026-09-13,08:17:32,1,51.4678562,-0.9819970,40.1,0.00,351.9,13,0.8,0,12,-0.0264,0.7903,-0.7712,28.56,2.62,20.78,1.6255,51.12,23.6,44
2026-09-13T08:17:33Z,485270,2026-09-13,08:17:33,1,51.4678560,-0.9819980,40.1,0.00,351.9,13,0.8,0,12,0.7085,0.7522,-0.1758,9.64,37.39,56.09,1.6709,110.04,23.6,44
2026-09-13T08:17:34Z,486465,2026-09-13,08:17:34,1,51.4678558,-0.9819992,40.2,0.00,351.9,13,0.8,0,13,0.2510,0.9407,-0.3235,-4.64,-6.20,-57.07,1.2884,75.04,23.6,44
2026-09-13T08:17:35Z,487464,2026-09-13,08:17:35,1,51.4678558,-0.9820000,40.2,0.00,351.9,13,0.8,0,13,-0.3367,0.7437,-0.6462,20.69,13.11,11.59,1.1130,62.68,23.6,44
2026-09-13T08:17:36Z,488464,2026-09-13,08:17:36,1,51.4678565,-0.9819913,41.0,2.50,351.9,13,0.8,0,13,-0.1965,0.9597,-0.7236,-14.10,-10.75,1.04,1.2179,32.04,23.6,44
2026-09-13T08:17:37Z,489464,2026-09-13,08:17:37,1,51.4678563,-0.9819918,40.9,0.00,351.9,13,0.8,0,13,-0.1416,0.8000,-0.6433,6.50,13.67,-12.00,1.1672,26.19,23.6,44
2026-09-13T08:17:38Z,490464,2026-09-13,08:17:38,1,51.4678565,-0.9819917,40.8,0.00,351.9,13,0.8,0,13,-0.2390,0.7139,-0.7759,29.34,1.69,0.59,1.0811,30.31,23.6,44
2026-09-13T08:17:39Z,491464,2026-09-13,08:17:39,1,51.4678563,-0.9819920,40.8,0.00,351.9,13,0.8,0,13,-0.1777,0.8103,-0.5112,20.44,-43.52,11.68,1.4574,49.49,23.6,44
2026-09-13T08:17:40Z,492464,2026-09-13,08:17:40,1,51.4678563,-0.9819922,40.8,0.00,351.9,13,0.8,0,13,-0.3020,0.7915,-0.5305,-7.88,5.30,1.62,1.3363,49.92,23.5,44
2026-09-13T08:17:41Z,493464,2026-09-13,08:17:41,1,51.4678558,-0.9819935,40.9,0.00,351.9,13,0.8,0,13,-0.3162,0.6746,-0.7322,26.81,-2.23,16.52,1.6043,51.72,23.6,44
2026-09-13T08:17:42Z,494464,2026-09-13,08:17:42,1,51.4678530,-0.9819867,41.2,2.30,351.9,13,0.8,0,13,-0.1589,0.8835,-0.4565,20.25,-13.08,20.39,1.4848,36.82,23.6,44
2026-09-13T08:17:43Z,495464,2026-09-13,08:17:43,1,51.4678530,-0.9819873,41.3,0.00,351.9,13,0.8,0,13,-0.2551,0.9128,-0.4736,-13.55,0.89,-3.29,1.2333,42.11,23.6,44
2026-09-13T08:17:44Z,496464,2026-09-13,08:17:44,1,51.4678530,-0.9819875,41.3,0.00,351.9,13,0.8,0,13,0.1409,0.5735,-0.8940,37.64,28.20,52.15,1.4868,78.75,23.6,44
2026-09-13T08:17:45Z,497464,2026-09-13,08:17:45,1,51.4678530,-0.9819875,41.4,0.00,351.9,13,0.8,0,13,0.6638,0.7639,-0.3733,-10.40,17.24,-0.03,1.1950,81.04,23.6,44
2026-09-13T08:17:46Z,498464,2026-09-13,08:17:46,1,51.4678533,-0.9819878,41.4,0.00,351.9,13,0.8,0,13,0.3093,0.8608,-0.4790,12.09,-7.84,-65.98,1.1387,67.53,23.6,44
2026-09-13T08:17:47Z,499464,2026-09-13,08:17:47,1,51.4678535,-0.9819878,41.4,0.00,351.9,13,0.8,0,13,-0.1089,0.9509,-0.5732,-8.73,-7.41,6.96,1.1157,71.05,23.6,44
2026-09-13T08:17:48Z,500464,2026-09-13,08:17:48,1,51.4678540,-0.9819880,41.5,0.00,351.9,13,0.8,0,13,-0.2622,0.8259,-0.4487,26.57,3.93,-18.07,1.5060,49.81,23.6,44
2026-09-13T08:17:49Z,501464,2026-09-13,08:17:49,1,51.4678542,-0.9819882,41.5,0.00,351.9,13,0.8,0,13,-0.2893,0.7651,-0.4949,-29.35,23.11,-18.76,1.1288,41.80,23.6,44
2026-09-13T08:17:50Z,502464,2026-09-13,08:17:50,1,51.4678550,-0.9819883,41.5,0.00,351.9,13,0.8,0,13,0.0945,0.7129,-0.7400,32.66,13.93,57.23,1.7912,71.74,23.6,44
2026-09-13T08:17:51Z,503464,2026-09-13,08:17:51,1,51.4678558,-0.9819885,41.6,0.00,351.9,13,0.8,0,13,0.5957,0.6648,-0.6770,-7.78,-22.36,-22.90,1.1203,84.45,23.6,44
2026-09-13T08:17:52Z,504464,2026-09-13,08:17:52,1,51.4678575,-0.9819897,41.6,0.00,351.9,13,0.8,0,13,-0.1096,0.6833,-0.6741,3.38,-17.44,-30.48,1.2342,44.62,23.6,44
2026-09-13T08:17:53Z,505464,2026-09-13,08:17:53,1,51.4678582,-0.9819897,41.7,0.00,351.9,13,0.8,0,13,-0.0105,0.9924,-0.4353,-5.19,-18.59,10.56,1.2362,51.88,23.6,44
2026-09-13T08:17:54Z,506464,2026-09-13,08:17:54,1,51.4678590,-0.9819895,41.7,0.00,351.9,13,0.8,0,13,-0.2261,0.9751,-0.3726,2.73,79.88,-40.80,1.5165,90.19,23.6,44
2026-09-13T08:17:55Z,507464,2026-09-13,08:17:55,1,51.4678600,-0.9819897,41.7,0.00,351.9,13,0.8,0,13,-0.2517,0.8633,-0.4119,6.57,-8.65,-31.05,1.4608,42.39,23.6,44
2026-09-13T08:17:56Z,508464,2026-09-13,08:17:56,1,51.4678605,-0.9819890,41.7,0.00,351.9,13,0.8,0,13,-0.3164,0.8044,-0.4441,5.48,73.30,-17.14,1.9083,76.09,23.6,44
2026-09-13T08:17:57Z,509464,2026-09-13,08:17:57,1,51.4678565,-0.9819933,41.0,2.52,351.9,13,0.8,0,13,0.2129,0.9812,-0.1147,-0.16,26.24,-3.29,1.6707,104.68,23.6,44
2026-09-13T08:17:58Z,510471,2026-09-13,08:17:58,1,51.4678480,-0.9819960,41.1,4.24,181.8,13,0.8,0,13,0.0264,0.8882,-0.3916,21.86,-17.20,3.09,1.1082,29.12,23.6,44
2026-09-13T08:17:59Z,511471,2026-09-13,08:17:59,1,51.4678427,-0.9819980,41.7,0.89,181.8,13,0.8,0,13,-0.0869,0.8555,-0.6108,13.46,7.64,-2.63,1.2018,51.96,23.6,44
2026-09-13T08:18:00Z,512471,2026-09-13,08:18:00,1,51.4678435,-0.9820008,41.2,1.17,181.8,13,0.8,0,13,-0.0757,0.8379,-0.6360,18.59,0.23,3.59,1.0657,20.80,23.6,44
2026-09-13T08:18:01Z,513471,2026-09-13,08:18:01,1,51.4678433,-0.9820012,41.1,0.00,181.8,13,0.8,0,13,-0.0940,0.8167,-0.6465,9.23,-1.74,1.52,1.0595,19.53,23.6,44
2026-09-13T08:18:02Z,514471,2026-09-13,08:18:02,1,51.4678428,-0.9820015,41.2,0.00,181.8,13,0.8,0,13,-0.0718,0.8855,-0.5601,11.01,10.04,-4.27,1.0641,20.87,23.6,44
2026-09-13T08:18:03Z,515471,2026-09-13,08:18:03,1,51.4678422,-0.9820022,41.2,0.00,181.8,13,0.8,0,13,-0.0693,0.9058,-0.5264,5.60,6.82,0.25,1.0743,15.14,23.6,44
2026-09-13T08:18:04Z,516678,2026-09-13,08:18:04,1,51.4678415,-0.9820028,41.2,0.00,181.8,13,0.8,0,14,-0.0420,0.9341,-0.4919,6.09,3.62,-0.05,1.0701,24.46,23.6,44
2026-09-13T08:18:05Z,517677,2026-09-13,08:18:05,1,51.4678410,-0.9820033,41.2,0.00,181.8,13,0.8,0,14,-0.0015,0.9229,-0.5234,6.68,10.66,-6.54,1.0727,14.50,23.6,44
2026-09-13T08:18:06Z,518677,2026-09-13,08:18:06,1,51.4678405,-0.9820040,41.2,0.00,181.8,13,0.8,0,14,0.0623,0.8960,-0.4517,12.65,-14.72,-11.90,1.2243,57.08,23.6,44
2026-09-13T08:18:07Z,519677,2026-09-13,08:18:07,1,51.4678398,-0.9820045,41.2,0.00,181.8,13,0.8,0,14,-0.2764,0.8120,-0.4243,-24.98,38.59,-15.38,1.2227,64.67,23.6,44
2026-09-13T08:18:08Z,520677,2026-09-13,08:18:08,1,51.4678393,-0.9820052,41.2,0.00,181.8,13,0.8,0,14,-0.1089,0.8372,-0.6235,10.70,30.51,-40.57,1.8639,70.23,23.6,44
2026-09-13T08:18:09Z,521677,2026-09-13,08:18:09,1,51.4678387,-0.9820058,41.2,0.00,181.8,13,0.8,0,14,-0.2444,0.8596,-0.5696,6.53,28.02,-27.11,1.5072,69.44,23.6,44
2026-09-13T08:18:10Z,522677,2026-09-13,08:18:10,1,51.4678380,-0.9820065,41.2,0.00,181.8,13,0.8,0,14,-0.3689,0.8862,-0.6018,5.09,-0.88,-0.80,1.1330,46.29,23.6,44
2026-09-13T08:18:11Z,523677,2026-09-13,08:18:11,1,51.4678370,-0.9820067,41.2,0.00,181.8,13,0.8,0,14,-0.3999,0.8638,-0.4465,7.44,4.63,-2.13,1.1046,26.78,23.6,44
2026-09-13T08:18:12Z,524677,2026-09-13,08:18:12,1,51.4678362,-0.9820067,41.3,0.00,181.8,13,0.8,0,14,-0.3318,0.8354,-0.4846,-7.84,53.30,-23.47,1.0570,58.76,23.6,44
2026-09-13T08:18:13Z,525677,2026-09-13,08:18:13,1,51.4678357,-0.9820068,41.3,0.00,181.8,13,0.8,0,14,-0.4133,0.8845,-0.4558,20.23,-7.93,7.09,1.0775,58.61,23.6,44
2026-09-13T08:18:14Z,526677,2026-09-13,08:18:14,1,51.4678352,-0.9820067,41.3,0.00,181.8,13,0.8,0,14,-0.3125,0.9170,-0.4109,-10.37,22.15,0.01,1.1804,86.14,23.6,44
2026-09-13T08:18:15Z,527677,2026-09-13,08:18:15,1,51.4678350,-0.9820067,41.3,0.00,181.8,13,0.8,0,14,-0.1399,1.1960,-0.7629,-21.87,23.28,-2.84,1.7851,61.80,23.6,44
2026-09-13T08:18:16Z,528677,2026-09-13,08:18:16,1,51.4678347,-0.9820063,41.3,0.00,181.8,13,0.8,0,14,-0.0107,0.9980,-0.4392,12.45,14.49,-39.68,1.2472,60.74,23.6,44
2026-09-13T08:18:17Z,529677,2026-09-13,08:18:17,1,51.4678363,-0.9819988,41.4,2.07,181.8,13,0.8,0,14,-0.1558,0.8416,-0.5457,29.87,14.02,-36.27,1.2489,61.34,23.6,44
2026-09-13T08:18:18Z,530677,2026-09-13,08:18:18,1,51.4678360,-0.9819980,41.4,0.00,181.8,13,0.8,0,14,-0.2290,0.6555,-0.7815,6.65,33.76,-16.05,1.0860,54.46,23.6,44
2026-09-13T08:18:19Z,531677,2026-09-13,08:18:19,1,51.4678355,-0.9819975,41.4,0.00,181.8,13,0.8,0,14,-0.1748,0.8311,-0.5112,15.76,-1.35,12.27,1.7180,74.07,23.6,44
2026-09-13T08:18:20Z,532677,2026-09-13,08:18:20,1,51.4678350,-0.9819963,41.4,0.00,181.8,13,0.8,0,14,-0.3979,0.7319,-0.4414,-15.23,4.48,-20.38,1.2846,61.21,23.6,44
2026-09-13T08:18:21Z,533677,2026-09-13,08:18:21,1,51.4678345,-0.9819948,41.4,0.00,181.8,13,0.8,0,14,-0.2439,0.5945,-0.6780,19.92,24.55,13.74,1.8214,58.50,23.6,44
2026-09-13T08:18:22Z,534677,2026-09-13,08:18:22,1,51.4678340,-0.9819940,41.4,0.00,181.8,13,0.8,0,14,-0.2561,0.8469,-0.8584,21.64,28.44,-33.18,1.6724,62.10,23.6,44
2026-09-13T08:18:23Z,535686,2026-09-13,08:18:23,1,51.4678337,-0.9819930,41.4,0.00,181.8,13,0.8,0,14,-0.2690,0.7073,-0.5120,22.46,4.00,0.66,1.6010,40.73,23.6,44
2026-09-13T08:18:24Z,536685,2026-09-13,08:18:24,1,51.4678332,-0.9819923,41.5,0.00,181.8,13,0.8,0,14,-0.1533,1.6323,-0.7292,7.55,11.94,-26.48,1.7944,70.45,23.6,44
2026-09-13T08:18:25Z,537685,2026-09-13,08:18:25,1,51.4678327,-0.9819910,41.5,0.00,181.8,13,0.8,0,14,-0.1807,0.6782,-0.5901,-20.91,9.70,-40.48,1.8053,59.01,23.6,44
2026-09-13T08:18:26Z,538685,2026-09-13,08:18:26,1,51.4678235,-0.9819817,42.4,4.09,149.0,13,0.8,0,14,-0.1628,0.8135,-0.5342,5.92,14.25,18.44,1.8107,42.60,23.6,44
2026-09-13T08:18:27Z,539685,2026-09-13,08:18:27,1,51.4678228,-0.9819793,42.3,0.00,149.0,13,0.8,0,14,0.5203,0.7834,-0.5610,5.52,13.65,38.41,1.4844,72.31,23.6,44
2026-09-13T08:18:28Z,540685,2026-09-13,08:18:28,1,51.4678218,-0.9819772,42.3,0.00,149.0,13,0.8,0,14,0.6101,0.7644,-0.4075,9.61,-54.41,-15.95,1.1701,57.51,23.6,44
2026-09-13T08:18:29Z,541685,2026-09-13,08:18:29,1,51.4678207,-0.9819752,42.2,0.00,149.0,13,0.8,0,14,-0.1951,0.8721,-0.6240,54.94,-64.16,31.99,1.1275,92.61,23.6,43
2026-09-13T08:18:30Z,542685,2026-09-13,08:18:30,1,51.4678198,-0.9819738,42.3,0.00,149.0,13,0.8,0,14,-0.2412,0.8459,-0.7505,24.93,-28.20,27.31,1.3535,89.15,23.6,44
2026-09-13T08:18:31Z,543685,2026-09-13,08:18:31,1,51.4678192,-0.9819727,42.3,0.00,149.0,13,0.8,0,14,-0.1833,0.7671,-0.5820,13.39,15.94,-8.68,1.5922,48.77,23.6,44
2026-09-13T08:18:32Z,544685,2026-09-13,08:18:32,1,51.4678237,-0.9819805,42.1,3.35,149.0,13,0.8,0,14,-0.2473,0.8540,-0.3462,20.76,-17.02,6.56,1.9166,58.41,23.6,44
2026-09-13T08:18:33Z,545685,2026-09-13,08:18:33,1,51.4678300,-0.9819908,41.9,4.70,320.7,13,0.8,0,14,-0.2847,1.4197,-0.7244,-0.66,-0.48,-2.01,1.9780,82.10,23.6,44
2026-09-13T08:18:35Z,546896,2026-09-13,08:18:35,1,51.4678365,-0.9820078,41.7,3.59,320.7,13,0.8,0,15,-0.2725,0.7861,-0.5903,-15.62,32.52,-28.57,1.7452,53.09,23.7,45
2026-09-13T08:18:36Z,547895,2026-09-13,08:18:36,1,51.4678352,-0.9820068,41.7,1.67,320.7,13,0.8,0,15,-0.2969,0.8923,-0.4849,10.98,11.38,-6.30,1.1745,58.88,23.6,44
2026-09-13T08:18:37Z,548895,2026-09-13,08:18:37,1,51.4678342,-0.9820050,41.7,0.00,320.7,13,0.8,0,15,-0.3381,0.8411,-0.5144,1.52,10.41,0.02,1.0689,18.53,23.6,44
2026-09-13T08:18:38Z,549895,2026-09-13,08:18:38,1,51.4678333,-0.9820038,41.7,0.00,320.7,13,0.8,0,15,-0.1523,0.9534,-0.4829,12.77,3.10,9.09,1.0911,39.41,23.7,44
2026-09-13T08:18:39Z,550895,2026-09-13,08:18:39,1,51.4678325,-0.9820025,41.7,0.00,320.7,13,0.8,0,15,0.6719,0.7312,-0.3586,25.16,41.09,42.93,1.2250,103.96,23.6,44
2026-09-13T08:18:40Z,551895,2026-09-13,08:18:40,1,51.4678323,-0.9820017,41.7,0.00,320.7,13,0.8,0,15,1.0845,0.5994,-0.1980,7.37,-38.09,3.41,1.2921,60.79,23.7,44
2026-09-13T08:18:41Z,552895,2026-09-13,08:18:41,1,51.4678317,-0.9820010,41.7,0.00,320.7,13,0.8,0,15,-0.1990,0.8069,-0.6123,-18.38,-54.92,-28.17,1.2226,113.52,23.7,44
2026-09-13T08:18:42Z,553895,2026-09-13,08:18:42,1,51.4678307,-0.9819995,41.8,0.00,320.7,13,0.8,0,15,-0.2854,0.8652,-0.4883,17.99,-1.00,6.86,1.0938,55.33,23.7,44
2026-09-13T08:18:43Z,554895,2026-09-13,08:18:43,1,51.4678305,-0.9819970,41.8,0.00,320.7,13,0.8,0,15,-0.2922,0.8560,-0.5349,12.47,2.42,0.83,1.0563,18.04,23.7,44
2026-09-13T08:18:44Z,555895,2026-09-13,08:18:44,1,51.4678310,-0.9819943,41.8,0.00,320.7,13,0.8,0,15,-0.2834,0.8530,-0.5071,12.77,2.19,0.52,1.0555,12.97,23.7,44
2026-09-13T08:18:45Z,556895,2026-09-13,08:18:45,1,51.4678312,-0.9819918,41.8,0.00,320.7,13,0.8,0,15,-0.2900,0.8572,-0.5183,9.55,3.42,-0.61,1.0533,12.87,23.7,44
2026-09-13T08:18:46Z,557895,2026-09-13,08:18:46,1,51.4678312,-0.9819895,41.8,0.00,320.7,13,0.8,0,15,-0.2830,0.8557,-0.5232,11.05,3.81,0.09,1.0558,13.49,23.7,44
2026-09-13T08:18:47Z,558895,2026-09-13,08:18:47,1,51.4678308,-0.9819868,41.8,0.00,320.7,13,0.8,0,15,-0.3149,0.8572,-0.4910,8.81,2.12,-1.98,1.0529,11.90,23.6,44
2026-09-13T08:18:48Z,559895,2026-09-13,08:18:48,1,51.4678305,-0.9819847,41.8,0.00,320.7,13,0.8,0,15,-0.2888,0.8564,-0.5149,14.17,2.56,0.05,1.0489,15.43,23.6,44
2026-09-13T08:18:49Z,560905,2026-09-13,08:18:49,1,51.4678302,-0.9819818,41.8,0.00,320.7,13,0.8,0,15,-0.3066,0.8547,-0.5061,11.80,0.03,0.68,1.0476,14.68,23.7,44
2026-09-13T08:18:50Z,561904,2026-09-13,08:18:50,1,51.4678298,-0.9819792,41.8,0.00,320.7,13,0.8,0,15,-0.3311,0.8477,-0.5156,13.65,3.37,3.65,1.0507,14.52,23.7,44
2026-09-13T08:18:51Z,562904,2026-09-13,08:18:51,1,51.4678297,-0.9819765,41.9,0.00,320.7,13,0.8,0,15,-0.3008,0.8362,-0.5354,11.66,-1.15,1.09,1.0492,23.67,23.6,44
2026-09-13T08:18:52Z,563904,2026-09-13,08:18:52,1,51.4678302,-0.9819747,41.9,0.00,320.7,13,0.8,0,15,-0.3330,0.8662,-0.4778,8.55,6.22,-2.45,1.0586,12.20,23.6,44
2026-09-13T08:18:53Z,564904,2026-09-13,08:18:53,1,51.4678295,-0.9819735,41.8,0.00,320.7,13,0.8,0,15,-0.3193,0.8848,-0.4836,10.30,7.11,1.45,1.0577,12.62,23.7,44
2026-09-13T08:18:54Z,565904,2026-09-13,08:18:54,1,51.4678293,-0.9819723,41.8,0.00,320.7,13,0.8,0,15,-0.2925,0.8704,-0.4980,12.17,3.67,-1.23,1.0496,16.31,23.6,44
2026-09-13T08:18:55Z,566904,2026-09-13,08:18:55,1,51.4678290,-0.9819713,41.8,0.00,320.7,13,0.8,0,15,-0.1531,0.7642,-0.6404,62.11,-19.27,47.02,1.0922,111.25,23.7,44
2026-09-13T08:18:56Z,567904,2026-09-13,08:18:56,1,51.4678283,-0.9819698,41.8,0.00,320.7,13,0.8,0,15,-0.0842,1.1316,-0.3708,19.52,3.64,-6.71,1.2472,161.90,23.7,44
2026-09-13T08:18:57Z,568904,2026-09-13,08:18:57,1,51.4678278,-0.9819687,41.8,0.00,320.7,13,0.8,0,15,-0.2991,0.8555,-0.6321,19.74,-24.33,15.72,1.1600,129.27,23.7,44
2026-09-13T08:18:58Z,569904,2026-09-13,08:18:58,1,51.4678275,-0.9819677,41.8,0.00,320.7,13,0.8,0,15,-0.3093,0.8862,-0.4568,-11.13,25.84,-10.99,1.0780,30.93,23.6,44
2026-09-13T08:18:59Z,570904,2026-09-13,08:18:59,1,51.4678270,-0.9819665,41.8,0.00,320.7,13,0.8,0,15,-0.3533,0.8040,-0.5498,12.43,13.72,-8.51,1.0657,28.47,23.7,44
2026-09-13T08:19:00Z,571904,2026-09-13,08:19:00,1,51.4678267,-0.9819650,41.8,0.00,320.7,13,0.8,0,15,-0.3103,0.8850,-0.4595,7.16,28.02,3.12,1.0750,29.09,23.7,44
2026-09-13T08:19:01Z,572904,2026-09-13,08:19:01,1,51.4678260,-0.9819635,41.9,0.00,320.7,13,0.8,0,15,0.7605,0.2869,-0.6187,33.46,27.73,54.27,1.1582,129.73,23.7,44
2026-09-13T08:19:02Z,573904,2026-09-13,08:19:02,1,51.4678255,-0.9819622,41.9,0.00,320.7,13,0.8,0,15,0.8032,0.1941,-0.5640,-36.91,-10.16,-56.95,1.2722,68.62,23.6,44
2026-09-13T08:19:03Z,574904,2026-09-13,08:19:03,1,51.4678248,-0.9819610,41.9,0.00,320.7,13,0.8,0,15,-0.2361,0.8069,-0.6272,-14.86,-5.41,-23.38,1.0700,108.38,23.7,44
2026-09-13T08:19:04Z,575904,2026-09-13,08:19:04,1,51.4678242,-0.9819598,41.9,0.00,320.7,13,0.8,0,15,-0.2751,0.9097,-0.4243,12.33,5.24,6.54,1.0740,31.50,23.7,44
2026-09-13T08:19:05Z,577110,2026-09-13,08:19:05,1,51.4678237,-0.9819587,41.9,0.00,320.7,13,0.8,0,16,-0.2566,0.9294,-0.4285,6.84,7.20,-1.37,1.0556,15.67,23.6,44
2026-09-13T08:19:06Z,578109,2026-09-13,08:19:06,1,51.4678227,-0.9819570,41.9,0.00,320.7,13,0.8,0,16,-0.2290,0.9204,-0.4368,13.19,3.78,2.35,1.0704,13.92,23.7,44
2026-09-13T08:19:07Z,579109,2026-09-13,08:19:07,1,51.4678225,-0.9819560,41.9,0.00,320.7,13,0.8,0,16,-0.2073,0.9226,-0.5278,19.64,4.39,2.83,1.0889,20.88,23.7,44
2026-09-13T08:19:08Z,580109,2026-09-13,08:19:08,1,51.4678218,-0.9819545,41.9,0.00,320.7,13,0.8,0,16,-0.2424,0.9734,-0.1929,32.90,-13.40,13.82,1.1115,38.12,23.7,44
2026-09-13T08:19:09Z,581109,2026-09-13,08:19:09,1,51.4678215,-0.9819455,42.1,0.00,320.7,13,0.8,0,16,-0.0928,0.9075,-0.6213,-37.40,12.27,-6.26,1.3713,100.80,23.7,44
2026-09-13T08:19:10Z,582109,2026-09-13,08:19:10,1,51.4678215,-0.9819440,42.1,2.41,320.7,13,0.8,0,16,0.5242,0.4573,-0.6753,34.16,67.42,49.71,1.3977,101.89,23.7,44
2026-09-13T08:19:11Z,583109,2026-09-13,08:19:11,1,51.4678208,-0.9819425,42.1,0.00,320.7,13,0.8,0,16,0.7202,0.6182,-0.7251,3.27,-30.17,-10.09,1.1944,82.93,23.7,44
2026-09-13T08:19:12Z,584109,2026-09-13,08:19:12,1,51.4678202,-0.9819412,42.1,0.00,320.7,13,0.8,0,16,0.5942,0.6323,-0.6138,3.71,25.86,-31.16,1.2386,43.44,23.7,44
2026-09-13T08:19:13Z,585109,2026-09-13,08:19:13,1,51.4678195,-0.9819400,42.1,0.00,320.7,13,0.8,0,16,0.5884,0.6580,-0.6106,8.88,2.62,-6.31,1.1494,31.51,23.7,44
2026-09-13T08:19:14Z,586118,2026-09-13,08:19:14,1,51.4678182,-0.9819390,42.2,0.00,320.7,13,0.8,0,16,0.6538,0.6521,-0.5742,12.88,3.92,-2.27,1.1120,13.71,23.7,44
2026-09-13T08:19:15Z,587117,2026-09-13,08:19:15,1,51.4678168,-0.9819378,42.2,0.00,320.7,13,0.8,0,16,0.6362,0.6338,-0.5737,8.51,0.57,-1.53,1.0874,16.16,23.7,44
2026-09-13T08:19:16Z,588117,2026-09-13,08:19:16,1,51.4678160,-0.9819363,42.2,0.00,320.7,13,0.8,0,16,0.6523,0.6479,-0.5503,12.04,3.26,-0.45,1.0906,12.48,23.7,44
2026-09-13T08:19:17Z,589117,2026-09-13,08:19:17,1,51.4678150,-0.9819348,42.3,0.00,320.7,13,0.8,0,16,0.6714,0.6267,-0.5464,7.07,-2.86,2.57,1.1015,18.78,23.7,44
2026-09-13T08:19:18Z,590117,2026-09-13,08:19:18,1,51.4678140,-0.9819332,42.3,0.00,320.7,13,0.8,0,16,0.6575,0.6912,-0.5322,0.66,9.55,-5.76,1.0924,13.56,23.7,44
2026-09-13T08:19:19Z,591117,2026-09-13,08:19:19,1,51.4678128,-0.9819317,42.3,0.00,320.7,13,0.8,0,16,0.6785,0.6433,-0.4431,5.45,-10.12,3.97,1.1226,12.45,23.7,44
2026-09-13T08:19:20Z,592118,2026-09-13,08:19:20,1,51.4678115,-0.9819303,42.3,0.00,320.7,13,0.8,0,16,0.6562,0.6372,-0.5720,2.65,-4.23,0.70,1.1095,11.35,23.7,44
2026-09-13T08:19:21Z,593117,2026-09-13,08:19:21,1,51.4678103,-0.9819293,42.4,0.00,320.7,13,0.8,0,16,0.6694,0.6609,-0.5493,7.35,2.99,0.62,1.1206,10.42,23.7,44
2026-09-13T08:19:22Z,594117,2026-09-13,08:19:22,1,51.4678090,-0.9819283,42.4,0.00,320.7,13,0.8,0,16,0.6428,0.6453,-0.5613,4.55,0.34,-1.21,1.0937,9.54,23.7,44
2026-09-13T08:19:23Z,595117,2026-09-13,08:19:23,1,51.4678078,-0.9819273,42.4,0.00,320.7,13,0.8,0,16,0.6511,0.6169,-0.5715,8.79,2.45,0.39,1.0884,12.53,23.7,44
2026-09-13T08:19:24Z,596118,2026-09-13,08:19:24,1,51.4678070,-0.9819265,42.4,0.00,320.7,13,0.8,0,16,0.6282,0.6255,-0.5847,5.91,-2.45,1.55,1.0920,11.63,23.7,44
2026-09-13T08:19:25Z,597117,2026-09-13,08:19:25,1,51.4678062,-0.9819255,42.4,0.00,320.7,13,0.8,0,16,0.6277,0.6697,-0.5779,4.30,-1.80,0.86,1.0846,9.09,23.8,44
2026-09-13T08:19:26Z,598117,2026-09-13,08:19:26,1,51.4678053,-0.9819248,42.4,0.00,320.7,13,0.8,0,16,0.6384,0.6362,-0.5857,6.06,-3.67,-0.38,1.0899,11.23,23.7,44
2026-09-13T08:19:27Z,599117,2026-09-13,08:19:27,1,51.4678048,-0.9819248,42.4,0.00,320.7,13,0.8,0,16,0.6272,0.6062,-0.6313,6.50,-3.19,3.15,1.0888,12.73,23.8,44
2026-09-13T08:19:28Z,600117,2026-09-13,08:19:28,1,51.4678043,-0.9819245,42.4,0.00,320.7,13,0.8,0,16,0.6199,0.6052,-0.6367,10.20,-3.30,2.35,1.0822,13.20,23.7,44
2026-09-13T08:19:29Z,601118,2026-09-13,08:19:29,1,51.4678038,-0.9819245,42.4,0.00,320.7,13,0.8,0,16,0.6323,0.6497,-0.5693,11.57,2.18,1.00,1.0819,13.12,23.8,44
2026-09-13T08:19:30Z,602117,2026-09-13,08:19:30,1,51.4678037,-0.9819245,42.4,0.00,320.7,13,0.8,0,16,0.6023,0.6353,-0.6101,5.42,-2.42,-0.76,1.0831,11.08,23.7,44
2026-09-13T08:19:31Z,603117,2026-09-13,08:19:31,1,51.4678032,-0.9819250,42.4,0.00,320.7,13,0.8,0,16,0.6060,0.6133,-0.6277,9.27,3.43,-0.67,1.0839,10.41,23.7,44
2026-09-13T08:19:32Z,604117,2026-09-13,08:19:32,1,51.4678023,-0.9819253,42.3,0.00,320.7,13,0.8,0,16,0.6091,0.6350,-0.6089,6.34,-5.76,3.24,1.0864,18.26,23.7,44
2026-09-13T08:19:33Z,605117,2026-09-13,08:19:33,1,51.4678017,-0.9819257,42.3,0.00,320.7,13,0.8,0,16,0.6177,0.5930,-0.5962,7.98,-0.26,0.25,1.0898,10.43,23.7,44
2026-09-13T08:19:34Z,606117,2026-09-13,08:19:34,1,51.4678012,-0.9819263,42.3,0.00,320.7,13,0.8,0,16,0.6614,0.6199,-0.5842,12.40,2.41,0.30,1.0875,20.87,23.8,44
2026-09-13T08:19:35Z,607324,2026-09-13,08:19:35,1,51.4678007,-0.9819268,42.3,0.00,320.7,13,0.8,0,17,0.6379,0.6184,-0.5898,5.00,2.17,-2.34,1.0912,12.80,23.8,44
2026-09-13T08:19:36Z,608323,2026-09-13,08:19:36,1,51.4678002,-0.9819273,42.3,0.00,320.7,13,0.8,0,17,0.6555,0.6624,-0.5659,12.52,3.13,-1.18,1.0932,12.96,23.7,44
2026-09-13T08:19:37Z,609323,2026-09-13,08:19:37,1,51.4677997,-0.9819278,42.3,0.00,320.7,13,0.8,0,17,0.6238,0.6294,-0.6150,4.14,1.39,-1.38,1.0841,12.99,23.8,44
2026-09-13T08:19:38Z,610323,2026-09-13,08:19:38,1,51.4677993,-0.9819282,42.2,0.00,320.7,13,0.8,0,17,0.6309,0.6284,-0.5989,10.85,4.04,1.20,1.0817,11.64,23.8,44
2026-09-13T08:19:39Z,611331,2026-09-13,08:19:39,1,51.4677990,-0.9819285,42.2,0.00,320.7,13,0.8,0,17,0.6282,0.6152,-0.6145,5.79,-1.52,1.16,1.0795,12.06,23.8,44
2026-09-13T08:19:40Z,612330,2026-09-13,08:19:40,1,51.4677987,-0.9819288,42.2,0.00,320.7,13,0.8,0,17,0.6182,0.6316,-0.6028,6.20,1.08,0.20,1.0809,10.11,23.8,44
2026-09-13T08:19:41Z,613330,2026-09-13,08:19:41,1,51.4677985,-0.9819293,42.2,0.00,320.7,13,0.8,0,17,0.6086,0.5813,-0.6396,1.73,0.91,0.53,1.0818,9.82,23.8,44
2026-09-13T08:19:42Z,614330,2026-09-13,08:19:42,1,51.4677987,-0.9819300,42.2,0.00,320.7,13,0.8,0,17,0.6274,0.6082,-0.6128,8.27,4.09,-0.77,1.0791,10.89,23.8,44
2026-09-13T08:19:43Z,615330,2026-09-13,08:19:43,1,51.4677992,-0.9819308,42.2,0.00,320.7,13,0.8,0,17,0.6003,0.6187,-0.6145,0.78,-1.97,-2.84,1.0851,11.84,23.8,44
2026-09-13T08:19:44Z,616330,2026-09-13,08:19:44,1,51.4677995,-0.9819317,42.2,0.00,320.7,13,0.8,0,17,0.5950,0.5906,-0.6458,4.49,0.30,0.55,1.0832,9.86,23.8,44
2026-09-13T08:19:45Z,617330,2026-09-13,08:19:45,1,51.4677997,-0.9819325,42.2,0.00,320.7,13,0.8,0,17,0.5986,0.5996,-0.6555,6.58,-0.54,5.27,1.0979,13.94,23.8,44
2026-09-13T08:19:46Z,618330,2026-09-13,08:19:46,1,51.4677998,-0.9819332,42.2,0.00,320.7,13,0.8,0,17,0.6067,0.5881,-0.6384,6.31,2.77,0.28,1.0837,12.03,23.8,44
2026-09-13T08:19:47Z,619330,2026-09-13,08:19:47,1,51.4678002,-0.9819338,42.2,0.00,320.7,13,0.8,0,17,0.6150,0.6069,-0.6199,10.01,1.82,-0.28,1.0822,10.18,23.8,44
2026-09-13T08:19:48Z,620330,2026-09-13,08:19:48,1,51.4678005,-0.9819343,42.2,0.00,320.7,13,0.8,0,17,0.5999,0.5994,-0.6433,7.32,1.86,0.10,1.0741,11.17,23.8,44
2026-09-13T08:19:49Z,621330,2026-09-13,08:19:49,1,51.4678007,-0.9819350,42.2,0.00,320.7,13,0.8,0,17,0.5920,0.5784,-0.6572,8.96,3.21,-0.87,1.0743,11.93,23.8,44
2026-09-13T08:19:50Z,622330,2026-09-13,08:19:50,1,51.4678012,-0.9819352,42.3,0.00,320.7,13,0.8,0,17,0.5850,0.6167,-0.6506,10.12,1.86,1.19,1.0757,10.66,23.8,44
2026-09-13T08:19:51Z,623330,2026-09-13,08:19:51,1,51.4678015,-0.9819353,42.3,0.00,320.7,13,0.8,0,17,0.5930,0.6047,-0.6541,7.83,-2.76,1.37,1.0742,10.71,23.8,44
2026-09-13T08:19:52Z,624330,2026-09-13,08:19:52,1,51.4678017,-0.9819357,42.3,0.00,320.7,13,0.8,0,17,0.5928,0.5916,-0.6497,8.81,2.88,-1.23,1.0746,13.18,23.8,44
2026-09-13T08:19:53Z,625330,2026-09-13,08:19:53,1,51.4678020,-0.9819357,42.3,0.00,320.7,13,0.8,0,17,0.5845,0.6130,-0.6555,10.45,-2.31,2.16,1.0791,10.92,23.8,44
2026-09-13T08:19:54Z,626330,2026-09-13,08:19:54,1,51.4678022,-0.9819358,42.4,0.00,320.7,13,0.8,0,17,0.5657,0.5859,-0.6787,9.35,4.33,0.95,1.0788,11.93,23.8,44
2026-09-13T08:19:55Z,627330,2026-09-13,08:19:55,1,51.4678022,-0.9819357,42.4,0.00,320.7,13,0.8,0,17,0.5864,0.6167,-0.6467,8.82,-0.84,1.03,1.0755,11.55,23.8,44
2026-09-13T08:19:56Z,628330,2026-09-13,08:19:56,1,51.4678022,-0.9819357,42.4,0.00,320.7,13,0.8,0,17,0.5771,0.6262,-0.6521,6.43,3.00,-1.10,1.0726,9.02,23.8,44
2026-09-13T08:19:57Z,629330,2026-09-13,08:19:57,1,51.4678020,-0.9819357,42.4,0.00,320.7,13,0.8,0,17,0.5964,0.6108,-0.6301,5.27,-7.75,4.96,1.0828,12.96,23.8,44
2026-09-13T08:19:58Z,630330,2026-09-13,08:19:58,1,51.4678018,-0.9819358,42.5,0.00,320.7,13,0.8,0,17,0.5632,0.2524,-0.9587,26.86,-2.97,47.02,1.4948,85.41,23.8,44
2026-09-13T08:19:59Z,631330,2026-09-13,08:19:59,1,51.4678017,-0.9819360,42.5,0.00,320.7,13,0.8,0,17,-0.0869,0.7170,-0.8579,26.39,-100.52,8.05,1.1215,130.07,23.8,44
2026-09-13T08:20:00Z,632330,2026-09-13,08:20:00,1,51.4678017,-0.9819362,42.5,0.00,320.7,13,0.8,0,17,-0.2085,0.9749,-0.6462,26.30,-3.65,23.10,1.3346,78.63,23.8,44
2026-09-13T08:20:01Z,633330,2026-09-13,08:20:01,1,51.4678015,-0.9819363,42.5,0.00,320.7,13,0.8,0,17,0.2351,0.5676,-0.7439,4.23,67.58,17.26,1.2352,87.51,23.8,44
2026-09-13T08:20:02Z,634330,2026-09-13,08:20:02,1,51.4678013,-0.9819365,42.5,0.00,320.7,13,0.8,0,17,1.2563,0.5203,-0.0920,24.58,21.23,-8.55,1.3629,96.53,23.8,44
2026-09-13T08:20:03Z,635330,2026-09-13,08:20:03,1,51.4678012,-0.9819365,42.5,0.00,320.7,13,0.8,0,17,-0.1636,0.6174,-0.7554,-20.69,9.42,-55.33,1.3659,137.35,23.8,44
2026-09-13T08:20:04Z,636340,2026-09-13,08:20:04,1,51.4678008,-0.9819365,42.5,0.00,320.7,13,0.8,0,17,-0.1724,0.8005,-0.4297,18.45,35.57,-33.41,1.2808,77.10,23.8,44
2026-09-13T08:20:05Z,637534,2026-09-13,08:20:05,1,51.4678007,-0.9819368,42.5,0.00,320.7,13,0.8,0,18,0.2659,0.7517,-0.4766,11.00,4.93,6.44,1.3010,72.99,23.8,44
2026-09-13T08:20:06Z,638533,2026-09-13,08:20:06,1,51.4678005,-0.9819370,42.5,0.00,320.7,13,0.8,0,18,0.6172,0.2070,-0.9180,58.91,55.45,71.38,1.2318,107.89,23.8,44
2026-09-13T08:20:07Z,639533,2026-09-13,08:20:07,1,51.4678003,-0.9819372,42.5,0.00,320.7,13,0.8,0,18,0.9319,-0.0815,-0.4636,21.27,1.15,3.35,1.1327,102.71,23.9,44
2026-09-13T08:20:08Z,640533,2026-09-13,08:20:08,1,51.4678000,-0.9819375,42.5,0.00,320.7,13,0.8,0,18,1.0581,-0.1917,-0.2825,0.02,1.89,16.22,1.1118,31.81,23.8,44
2026-09-13T08:20:09Z,641533,2026-09-13,08:20:09,1,51.4677998,-0.9819378,42.5,0.00,320.7,13,0.8,0,18,0.9114,-0.1606,-0.4319,10.23,20.06,21.48,1.2090,39.29,23.9,44
2026-09-13T08:20:10Z,642533,2026-09-13,08:20:10,1,51.4677997,-0.9819380,42.5,0.00,320.7,13,0.8,0,18,0.7988,-0.1316,-0.5771,-13.59,-51.54,-39.05,1.2033,66.08,23.9,44
2026-09-13T08:20:11Z,643533,2026-09-13,08:20:11,1,51.4677995,-0.9819380,42.4,0.00,320.7,13,0.8,0,18,0.1548,0.6814,-0.7888,54.72,103.27,26.67,1.2430,119.88,23.8,44
2026-09-13T08:20:12Z,644533,2026-09-13,08:20:12,1,51.4677990,-0.9819380,42.4,0.00,320.7,13,0.8,0,18,0.9692,0.1487,-0.2898,-4.07,-7.33,8.62,1.2402,141.65,23.9,44
2026-09-13T08:20:13Z,645533,2026-09-13,08:20:13,1,51.4677985,-0.9819378,42.3,0.00,320.7,13,0.8,0,18,0.6206,0.3569,-0.5745,-18.38,-104.80,-46.02,1.1577,115.93,23.9,44
2026-09-13T08:20:14Z,646533,2026-09-13,08:20:14,1,51.4677983,-0.9819380,42.3,0.00,320.7,13,0.8,0,18,-0.1729,0.9795,-0.3171,-29.70,54.82,-33.88,1.2994,122.11,23.9,44
2026-09-13T08:20:15Z,647533,2026-09-13,08:20:15,1,51.4677980,-0.9819380,42.3,0.00,320.7,13,0.8,0,18,-0.4263,0.8862,-0.3838,11.38,9.35,2.59,1.1418,62.54,23.9,44
2026-09-13T08:20:16Z,648533,2026-09-13,08:20:16,1,51.4677978,-0.9819382,42.3,0.00,320.7,13,0.8,0,18,-0.2600,0.8071,-0.4753,16.68,12.19,2.18,1.0755,20.77,23.9,44
2026-09-13T08:20:17Z,649533,2026-09-13,08:20:17,1,51.4677978,-0.9819382,42.3,0.00,320.7,13,0.8,0,18,-0.3774,0.8315,-0.4575,11.05,-11.73,9.82,1.1329,28.32,23.9,44
2026-09-13T08:20:18Z,650533,2026-09-13,08:20:18,1,51.4677977,-0.9819383,42.3,0.00,320.7,13,0.8,0,18,-0.3699,0.8945,-0.4058,14.12,-4.81,-0.80,1.1993,25.08,23.8,44
2026-09-13T08:20:19Z,651533,2026-09-13,08:20:19,1,51.4677977,-0.9819383,42.3,0.00,320.7,13,0.8,0,18,-0.2910,0.9221,-0.4241,18.16,2.10,-0.30,1.0765,21.08,23.9,44
2026-09-13T08:20:20Z,652533,2026-09-13,08:20:20,1,51.4677975,-0.9819385,42.3,0.00,320.7,13,0.8,0,18,-0.2554,0.8965,-0.4675,12.45,9.32,2.48,1.0783,19.76,23.9,44
2026-09-13T08:20:21Z,653533,2026-09-13,08:20:21,1,51.4677975,-0.9819387,42.3,0.00,320.7,13,0.8,0,18,-0.3347,0.8506,-0.4565,6.38,-2.03,-1.42,1.0687,25.31,23.9,44
2026-09-13T08:20:22Z,654533,2026-09-13,08:20:22,1,51.4677973,-0.9819387,42.3,0.00,320.7,13,0.8,0,18,-0.3135,0.9028,-0.4043,2.54,11.60,-8.49,1.0647,17.20,23.9,44
2026-09-13T08:20:23Z,655533,2026-09-13,08:20:23,1,51.4677973,-0.9819388,42.3,0.00,320.7,13,0.8,0,18,-0.4053,0.8679,-0.4534,11.28,2.07,-1.62,1.0598,16.09,23.9,44
2026-09-13T08:20:24Z,656533,2026-09-13,08:20:24,1,51.4677973,-0.9819388,42.3,0.00,320.7,13,0.8,0,18,-0.3499,0.8533,-0.4634,9.07,1.66,0.08,1.0542,20.44,23.9,44
2026-09-13T08:20:25Z,657533,2026-09-13,08:20:25,1,51.4677973,-0.9819388,42.3,0.00,320.7,13,0.8,0,18,-0.3679,0.8625,-0.4246,6.66,1.80,-0.54,1.0572,11.55,23.9,44
2026-09-13T08:20:26Z,658533,2026-09-13,08:20:26,1,51.4677973,-0.9819390,42.3,0.00,320.7,13,0.8,0,18,-0.3743,0.8633,-0.4355,9.19,2.15,1.36,1.0488,13.76,23.9,44
2026-09-13T08:20:27Z,659533,2026-09-13,08:20:27,1,51.4677973,-0.9819390,42.3,0.00,320.7,13,0.8,0,18,-0.3613,0.8843,-0.4307,9.12,1.24,1.80,1.0550,13.77,23.9,44
2026-09-13T08:20:28Z,660533,2026-09-13,08:20:28,1,51.4677973,-0.9819388,42.3,0.00,320.7,13,0.8,0,18,-0.3533,0.8838,-0.4163,11.82,4.36,0.22,1.0577,13.50,23.9,44
2026-09-13T08:20:29Z,661544,2026-09-13,08:20:29,1,51.4677973,-0.9819390,42.3,0.00,320.7,13,0.8,0,18,-0.3684,0.8716,-0.4446,8.09,5.41,-3.61,1.0568,14.97,23.9,44
2026-09-13T08:20:30Z,662543,2026-09-13,08:20:30,1,51.4677973,-0.9819390,42.3,0.00,320.7,13,0.8,0,18,-0.3457,0.8943,-0.4058,1.45,21.26,-7.65,1.0604,34.28,23.9,44
2026-09-13T08:20:31Z,663543,2026-09-13,08:20:31,1,51.4677973,-0.9819392,42.4,0.00,320.7,13,0.8,0,18,-0.3677,0.7986,-0.5364,27.55,-28.21,13.97,1.0873,51.16,23.9,44
2026-09-13T08:20:32Z,664543,2026-09-13,08:20:32,1,51.4677973,-0.9819392,42.4,0.00,320.7,13,0.8,0,18,-0.3533,0.8638,-0.4604,6.73,3.10,3.05,1.0599,35.89,23.9,44
2026-09-13T08:20:33Z,665543,2026-09-13,08:20:33,1,51.4677975,-0.9819392,42.4,0.00,320.7,13,0.8,0,18,-0.3235,0.8826,-0.4509,5.16,-0.09,-4.03,1.0526,11.99,23.9,44
2026-09-13T08:20:34Z,666543,2026-09-13,08:20:34,1,51.4677975,-0.9819392,42.4,0.00,320.7,13,0.8,0,18,-0.4080,0.8704,-0.4099,13.15,-0.42,-0.26,1.0887,14.73,23.9,44
2026-09-13T08:20:35Z,667748,2026-09-13,08:20:35,1,51.4677975,-0.9819392,42.4,0.00,320.7,13,0.8,0,19,-0.3892,0.6509,-0.8044,10.61,9.46,-7.42,1.1055,59.53,23.9,44
2026-09-13T08:20:36Z,668748,2026-09-13,08:20:36,1,51.4677977,-0.9819392,42.4,0.00,320.7,13,0.8,0,19,-0.1470,1.0317,-0.2749,68.87,-55.67,26.62,1.2820,172.69,23.9,44
2026-09-13T08:20:37Z,669748,2026-09-13,08:20:37,1,51.4677977,-0.9819392,42.4,0.00,320.7,13,0.8,0,19,-0.3276,0.7129,-0.6873,-45.81,52.88,-19.14,1.1409,161.23,23.9,44
2026-09-13T08:20:38Z,670748,2026-09-13,08:20:38,1,51.4677977,-0.9819392,42.4,0.00,320.7,13,0.8,0,19,-0.2136,0.9409,-0.4365,38.05,-31.59,8.34,1.1346,86.87,23.9,44
2026-09-13T08:20:39Z,671748,2026-09-13,08:20:39,1,51.4677977,-0.9819392,42.4,0.00,320.7,13,0.8,0,19,-0.2981,0.9309,-0.3213,13.38,28.25,14.38,1.1215,57.40,23.9,44
2026-09-13T08:20:40Z,672748,2026-09-13,08:20:40,1,51.4677977,-0.9819392,42.4,0.00,320.7,13,0.8,0,19,-0.3057,0.8672,-0.4839,1.23,18.09,-5.75,1.1725,28.64,23.9,44
2026-09-13T08:20:41Z,673748,2026-09-13,08:20:41,1,51.4677978,-0.9819392,42.4,0.00,320.7,14,0.8,0,19,-0.3171,0.8708,-0.4739,32.55,-24.78,15.83,1.0669,45.58,23.9,44
2026-09-13T08:20:42Z,674748,2026-09-13,08:20:42,1,51.4677978,-0.9819393,42.4,0.00,320.7,14,0.8,0,19,-0.2915,0.8777,-0.5000,15.33,-2.21,4.94,1.0603,40.49,23.9,44
2026-09-13T08:20:43Z,675748,2026-09-13,08:20:43,1,51.4677980,-0.9819392,42.4,0.00,320.7,14,0.8,0,19,-0.2864,0.8687,-0.4983,15.34,0.23,4.62,1.0560,22.67,23.9,44
2026-09-13T08:20:44Z,676748,2026-09-13,08:20:44,1,51.4677980,-0.9819392,42.4,0.00,320.7,14,0.8,0,19,-0.2734,0.8596,-0.5278,7.98,6.74,-2.90,1.0498,17.30,23.9,44
2026-09-13T08:20:45Z,677748,2026-09-13,08:20:45,1,51.4677980,-0.9819390,42.4,0.00,320.7,14,0.8,0,19,-0.2903,0.8472,-0.5100,8.68,3.15,-2.64,1.0522,12.67,23.9,44
2026-09-13T08:20:46Z,678748,2026-09-13,08:20:46,1,51.4677980,-0.9819392,42.4,0.00,320.7,14,0.8,0,19,-0.4224,0.8835,-0.3923,11.56,9.03,2.14,1.0640,14.83,23.9,44
2026-09-13T08:20:47Z,679748,2026-09-13,08:20:47,1,51.4677982,-0.9819392,42.5,0.00,320.7,14,0.8,0,19,-0.3728,0.8745,-0.4429,7.99,2.80,-1.32,1.0532,17.94,23.9,44
2026-09-13T08:20:48Z,680748,2026-09-13,08:20:48,1,51.4677980,-0.9819393,42.5,0.00,320.7,14,0.8,0,19,-0.3774,0.8699,-0.4424,11.83,4.68,-0.78,1.0536,13.57,23.9,44
2026-09-13T08:20:49Z,681748,2026-09-13,08:20:49,1,51.4677980,-0.9819395,42.5,0.00,320.7,14,0.8,0,19,-0.3628,0.8640,-0.4368,14.34,0.69,3.47,1.0574,18.82,23.9,44
2026-09-13T08:20:50Z,682748,2026-09-13,08:20:50,1,51.4677980,-0.9819397,42.6,0.00,320.7,14,0.8,0,19,-0.3401,0.9255,-0.4827,0.75,18.54,4.77,1.0978,22.17,23.9,44
2026-09-13T08:20:51Z,683748,2026-09-13,08:20:51,1,51.4677982,-0.9819397,42.6,0.00,320.7,14,0.8,0,19,-0.3044,0.8679,-0.4956,11.97,1.23,-19.52,1.1944,46.42,23.9,44
2026-09-13T08:20:52Z,684748,2026-09-13,08:20:52,1,51.4677983,-0.9819398,42.7,0.00,320.7,14,0.8,0,19,-0.4080,0.7144,-0.6211,10.82,47.66,-33.38,1.0763,59.18,23.9,44
2026-09-13T08:20:53Z,685748,2026-09-13,08:20:53,1,51.4677985,-0.9819400,42.7,0.00,320.7,14,0.8,0,19,-0.4709,0.7754,-0.5271,6.42,-26.95,23.47,1.0711,58.83,23.9,44
2026-09-13T08:20:54Z,686758,2026-09-13,08:20:54,1,51.4677987,-0.9819403,42.8,0.00,320.7,14,0.8,0,19,-0.3679,0.8740,-0.4470,7.49,-3.30,8.55,1.0562,32.03,23.9,44
2026-09-13T08:20:55Z,687757,2026-09-13,08:20:55,1,51.4677987,-0.9819403,42.8,0.00,320.7,14,0.8,0,19,-0.3376,0.9021,-0.4023,10.22,0.73,-2.21,1.0510,10.48,23.9,44
2026-09-13T08:20:56Z,688757,2026-09-13,08:20:56,1,51.4677987,-0.9819403,42.8,0.00,320.7,14,0.8,0,19,-0.3887,0.8745,-0.4072,10.71,-2.48,-2.52,1.0570,14.06,23.9,44
2026-09-13T08:20:57Z,689757,2026-09-13,08:20:57,1,51.4677985,-0.9819402,42.8,0.00,320.7,14,0.8,0,19,-0.4417,0.8794,-0.3967,13.15,-2.24,-6.71,1.0610,20.48,23.9,44
2026-09-13T08:20:58Z,690757,2026-09-13,08:20:58,1,51.4677985,-0.9819402,42.9,0.00,320.7,14,0.8,0,19,-0.3892,0.8723,-0.4409,10.60,23.91,2.09,1.0679,27.43,23.9,44
2026-09-13T08:20:59Z,691757,2026-09-13,08:20:59,1,51.4677983,-0.9819402,42.9,0.00,320.7,14,0.8,0,19,-0.3643,0.8838,-0.4954,15.09,-25.65,31.97,1.1200,43.67,23.9,44
2026-09-13T08:21:00Z,692757,2026-09-13,08:21:00,1,51.4677983,-0.9819402,42.9,0.00,320.7,14,0.8,0,19,-0.2424,0.8979,-0.4839,32.36,-9.26,14.35,1.1486,50.14,23.9,44
2026-09-13T08:21:01Z,693757,2026-09-13,08:21:01,1,51.4677982,-0.9819402,42.9,0.00,320.7,14,0.8,0,19,-0.2786,0.7747,-0.5913,18.34,-11.30,1.59,1.0783,37.18,23.9,44
2026-09-13T08:21:02Z,694757,2026-09-13,08:21:02,1,51.4677980,-0.9819402,42.9,0.00,320.7,14,0.8,0,19,-0.4644,0.8630,-0.4287,-13.51,18.48,-22.52,1.0697,33.75,23.9,44
2026-09-13T08:21:03Z,695757,2026-09-13,08:21:03,1,51.4677980,-0.9819402,43.0,0.00,320.7,14,0.8,0,19,-0.3633,0.8936,-0.4053,1.99,15.40,-0.86,1.0844,30.16,24.0,44
2026-09-13T08:21:04Z,696757,2026-09-13,08:21:04,1,51.4677980,-0.9819402,43.0,0.00,320.7,14,0.8,0,19,-0.1333,0.9070,-0.6294,24.57,-5.52,-1.76,1.1282,73.06,24.0,44
2026-09-13T08:21:06Z,697966,2026-09-13,08:21:06,1,51.4677980,-0.9819402,43.0,0.00,320.7,13,0.9,0,20,-0.1646,0.9102,-0.6052,32.60,37.20,32.30,1.1967,59.08,24.0,44
2026-09-13T08:21:07Z,698965,2026-09-13,08:21:07,1,51.4677982,-0.9819400,43.0,0.00,320.7,13,0.9,0,20,0.0955,0.8289,-0.6655,17.64,1.66,7.77,1.2418,62.00,24.0,44
2026-09-13T08:21:08Z,699965,2026-09-13,08:21:08,1,51.4677982,-0.9819402,43.0,0.00,320.7,13,0.9,0,20,0.1167,0.7698,-0.7493,11.26,0.03,-5.42,1.1180,45.30,24.0,44
2026-09-13T08:21:09Z,700965,2026-09-13,08:21:09,1,51.4677982,-0.9819400,43.0,0.00,320.7,14,0.8,0,20,0.3213,0.6431,-0.7744,9.88,6.41,0.94,1.1021,53.22,24.0,44
2026-09-13T08:21:10Z,701965,2026-09-13,08:21:10,1,51.4677982,-0.9819398,42.9,0.00,320.7,14,0.8,0,20,0.3198,0.6699,-0.7336,7.93,0.22,1.15,1.0619,11.92,24.0,44
2026-09-13T08:21:11Z,702965,2026-09-13,08:21:11,1,51.4677982,-0.9819397,42.9,0.00,320.7,14,0.8,0,20,0.1199,0.7490,-0.6794,-20.52,-46.87,-40.10,1.0826,65.00,24.0,44
2026-09-13T08:21:12Z,703965,2026-09-13,08:21:12,1,51.4677982,-0.9819395,42.9,0.00,320.7,14,0.8,0,20,-0.3992,0.8472,-0.4375,14.23,3.41,-3.53,1.0815,72.45,23.9,44
2026-09-13T08:21:13Z,704965,2026-09-13,08:21:13,1,51.4677983,-0.9819393,42.9,0.00,320.7,14,0.8,0,20,-0.3350,0.8386,-0.5122,2.53,5.48,-8.76,1.0553,23.89,24.0,44
2026-09-13T08:21:14Z,705965,2026-09-13,08:21:14,1,51.4677983,-0.9819392,42.9,0.00,320.7,14,0.8,0,20,-0.2820,0.9050,-0.3652,17.53,8.16,-13.98,1.1356,69.12,24.0,44
2026-09-13T08:21:15Z,706965,2026-09-13,08:21:15,1,51.4677983,-0.9819390,42.9,0.00,320.7,14,0.8,0,20,-0.3623,0.6072,-0.7249,-22.07,33.27,-14.13,1.2045,53.13,24.0,44
2026-09-13T08:21:16Z,707965,2026-09-13,08:21:16,1,51.4677983,-0.9819390,42.9,0.00,320.7,14,0.8,0,20,0.1377,0.5085,-0.7236,64.48,74.74,43.45,1.4447,107.85,24.0,44
2026-09-13T08:21:17Z,708965,2026-09-13,08:21:17,1,51.4677983,-0.9819388,42.9,0.00,320.7,14,0.8,0,20,0.4524,0.8582,-0.8599,-31.58,-38.86,-33.23,1.3043,104.86,24.0,44
2026-09-13T08:21:18Z,709965,2026-09-13,08:21:18,1,51.4677983,-0.9819388,42.9,0.00,320.7,14,0.8,0,20,0.2493,0.7786,-0.6699,15.72,-9.54,-1.62,1.4591,53.03,24.0,44
2026-09-13T08:21:19Z,710965,2026-09-13,08:21:19,1,51.4677985,-0.9819388,42.8,0.00,320.7,14,0.8,0,20,0.0688,0.7917,-0.6545,7.10,7.79,1.27,1.0892,23.27,24.0,44
2026-09-13T08:21:20Z,711975,2026-09-13,08:21:20,1,51.4677985,-0.9819387,42.8,0.00,320.7,14,0.8,0,20,0.1802,0.7649,-0.7063,13.02,2.31,2.15,1.0885,31.87,24.0,44
2026-09-13T08:21:21Z,712974,2026-09-13,08:21:21,1,51.4677987,-0.9819387,42.8,0.00,320.7,14,0.8,0,20,0.1697,0.7651,-0.7061,8.84,2.48,-2.22,1.0631,13.29,24.0,44
2026-09-13T08:21:22Z,713974,2026-09-13,08:21:22,1,51.4677987,-0.9819387,42.8,0.00,320.7,14,0.8,0,20,0.1689,0.7788,-0.6902,10.87,0.75,-2.28,1.0810,15.54,24.1,44
2026-09-13T08:21:23Z,714974,2026-09-13,08:21:23,1,51.4677988,-0.9819387,42.9,0.00,320.7,14,0.8,0,20,0.1184,0.7935,-0.6677,5.75,6.85,-3.59,1.0613,13.85,24.0,44
2026-09-13T08:21:24Z,715974,2026-09-13,08:21:24,1,51.4677988,-0.9819387,42.9,0.00,320.7,14,0.8,0,20,0.1255,0.7778,-0.7034,12.46,2.97,-0.30,1.0702,16.10,24.0,44
2026-09-13T08:21:25Z,716974,2026-09-13,08:21:25,1,51.4677988,-0.9819388,42.9,0.00,320.7,14,0.8,0,20,0.1516,0.7871,-0.6934,11.04,3.70,0.65,1.0682,15.34,24.0,44
2026-09-13T08:21:26Z,717974,2026-09-13,08:21:26,1,51.4677990,-0.9819388,42.9,0.00,320.7,14,0.8,0,20,0.1550,0.7834,-0.6897,12.02,3.30,1.08,1.0682,15.50,24.0,44
2026-09-13T08:21:27Z,718974,2026-09-13,08:21:27,1,51.4677990,-0.9819388,42.9,0.00,320.7,14,0.8,0,20,0.1672,0.7854,-0.6921,11.33,2.30,-0.61,1.0721,14.66,24.0,44
2026-09-13T08:21:28Z,719974,2026-09-13,08:21:28,1,51.4677992,-0.9819388,42.9,0.00,320.7,14,0.8,0,20,0.1616,0.7527,-0.7036,11.29,1.56,-1.03,1.0639,12.79,24.0,44
2026-09-13T08:21:29Z,720974,2026-09-13,08:21:29,1,51.4677992,-0.9819388,42.9,0.00,320.7,14,0.8,0,20,0.1384,0.7764,-0.6899,10.33,1.73,-0.47,1.0729,12.16,24.1,44
2026-09-13T08:21:30Z,721974,2026-09-13,08:21:30,1,51.4677993,-0.9819388,42.9,0.00,320.7,14,0.8,0,20,0.1423,0.7708,-0.7073,11.36,1.88,0.18,1.0700,19.52,24.0,44
2026-09-13T08:21:31Z,722974,2026-09-13,08:21:31,1,51.4677993,-0.9819390,42.9,0.00,320.7,14,0.8,0,20,0.0969,0.7563,-0.7434,42.62,23.68,15.29,1.1295,63.41,24.0,44
2026-09-13T08:21:32Z,723974,2026-09-13,08:21:32,1,51.4677995,-0.9819390,42.9,0.00,320.7,14,0.8,0,20,0.6667,0.4600,-0.5657,15.14,34.00,-2.95,1.2595,77.57,24.0,44
2026-09-13T08:21:33Z,724974,2026-09-13,08:21:33,1,51.4677995,-0.9819392,42.9,0.00,320.7,14,0.8,0,20,0.7466,0.5474,-0.4932,10.13,0.47,0.05,1.1096,32.01,24.0,44
2026-09-13T08:21:34Z,725974,2026-09-13,08:21:34,1,51.4677995,-0.9819392,42.9,0.00,320.7,14,0.8,0,20,0.7690,0.5154,-0.5356,5.32,-2.34,4.48,1.1002,13.69,24.1,44
2026-09-13T08:21:35Z,726974,2026-09-13,08:21:35,1,51.4677995,-0.9819392,42.9,0.00,320.7,14,0.8,0,20,0.6724,0.4229,-0.6501,15.94,-28.85,2.56,1.0992,39.58,24.1,44
2026-09-13T08:21:36Z,728180,2026-09-13,08:21:36,1,51.4677995,-0.9819390,42.9,0.00,320.7,14,0.8,0,21,0.4812,0.6858,-0.5190,0.84,-68.16,19.90,1.1656,71.01,24.0,44
2026-09-13T08:21:37Z,729179,2026-09-13,08:21:37,1,51.4677995,-0.9819392,42.9,0.00,320.7,14,0.8,0,21,0.1628,0.6978,-0.7708,3.16,-7.19,-3.20,1.1600,82.72,24.1,44
2026-09-13T08:21:38Z,730179,2026-09-13,08:21:38,1,51.4677995,-0.9819392,42.9,0.00,320.7,14,0.8,0,21,0.0645,0.8218,-0.7009,3.69,0.70,-5.08,1.1550,17.16,24.1,44
2026-09-13T08:21:39Z,731179,2026-09-13,08:21:39,1,51.4677995,-0.9819392,42.9,0.00,320.7,14,0.8,0,21,0.0825,0.8044,-0.6499,9.62,1.92,-0.14,1.1034,15.88,24.1,44
2026-09-13T08:21:40Z,732179,2026-09-13,08:21:40,1,51.4677995,-0.9819392,42.9,0.00,320.7,14,0.8,0,21,0.0864,0.8291,-0.6477,13.80,2.57,1.57,1.0692,14.12,24.1,44
2026-09-13T08:21:41Z,733179,2026-09-13,08:21:41,1,51.4677995,-0.9819392,42.9,0.00,320.7,14,0.8,0,21,0.1538,0.7900,-0.6658,10.32,7.40,0.79,1.0835,17.25,24.1,44
2026-09-13T08:21:42Z,734179,2026-09-13,08:21:42,1,51.4677995,-0.9819392,43.0,0.00,320.7,14,0.8,0,21,0.1511,0.7905,-0.6560,10.88,-0.18,-0.61,1.0710,14.12,24.0,44
2026-09-13T08:21:43Z,735179,2026-09-13,08:21:43,1,51.4677995,-0.9819390,43.0,0.00,320.7,14,0.8,0,21,0.0989,0.8044,-0.6787,11.72,1.70,0.18,1.0988,12.51,24.1,44
2026-09-13T08:21:44Z,736179,2026-09-13,08:21:44,1,51.4677997,-0.9819390,43.0,0.00,320.7,14,0.8,0,21,0.0969,0.8257,-0.6709,18.46,1.13,4.77,1.0688,19.10,24.1,44
2026-09-13T08:21:45Z,737186,2026-09-13,08:21:45,1,51.4677998,-0.9819390,43.0,0.00,320.7,14,0.8,0,21,0.1458,0.7786,-0.6938,13.60,0.29,-0.45,1.0801,23.14,24.1,44
2026-09-13T08:21:46Z,738185,2026-09-13,08:21:46,1,51.4677998,-0.9819390,43.0,0.00,320.7,14,0.8,0,21,0.0725,0.6907,-0.7588,1.66,13.95,-2.98,1.0733,26.81,24.1,44
2026-09-13T08:21:47Z,739185,2026-09-13,08:21:47,1,51.4677998,-0.9819388,43.0,0.00,320.7,14,0.8,0,21,0.1248,0.7263,-0.7214,15.16,-4.12,3.87,1.0858,26.23,24.1,44
2026-09-13T08:21:48Z,740185,2026-09-13,08:21:48,1,51.4677998,-0.9819385,43.0,0.00,320.7,14,0.8,0,21,0.0437,0.8503,-0.6667,4.79,-10.11,-10.41,1.0948,25.02,24.1,44
2026-09-13T08:21:49Z,741185,2026-09-13,08:21:49,1,51.4677998,-0.9819383,43.0,0.00,320.7,14,0.8,0,21,0.1296,0.7664,-0.7180,9.53,2.40,3.20,1.1113,27.87,24.1,44
2026-09-13T08:21:50Z,742185,2026-09-13,08:21:50,1,51.4677998,-0.9819380,43.0,0.00,320.7,14,0.8,0,21,0.1479,0.7754,-0.6943,12.23,3.02,-0.98,1.0728,18.74,24.1,44
2026-09-13T08:21:51Z,743185,2026-09-13,08:21:51,1,51.4677998,-0.9819377,43.0,0.00,320.7,14,0.8,0,21,0.1753,0.7207,-0.7251,18.99,-3.34,0.99,1.0714,19.85,24.1,44
2026-09-13T08:21:52Z,744185,2026-09-13,08:21:52,1,51.4677998,-0.9819373,43.0,0.00,320.7,14,0.8,0,21,0.2268,0.7622,-0.7009,11.30,4.80,-1.02,1.0821,17.50,24.1,44
2026-09-13T08:21:53Z,745185,2026-09-13,08:21:53,1,51.4677998,-0.9819370,43.0,0.00,320.7,14,0.8,0,21,0.2249,0.8223,-0.7705,1.80,4.51,-9.00,1.1491,15.14,24.1,44
2026-09-13T08:21:54Z,746185,2026-09-13,08:21:54,1,51.4677998,-0.9819367,43.0,0.00,320.7,14,0.8,0,21,0.2107,0.6316,-0.8181,-1.69,0.17,5.16,1.1077,50.65,24.1,44
2026-09-13T08:21:55Z,747185,2026-09-13,08:21:55,1,51.4677998,-0.9819367,43.0,0.00,320.7,14,0.8,0,21,0.2319,0.7761,-0.7131,-0.66,-5.04,0.98,1.0994,16.87,24.1,43
2026-09-13T08:21:56Z,748185,2026-09-13,08:21:56,1,51.4678000,-0.9819367,43.0,0.00,320.7,14,0.8,0,21,0.2146,0.7192,-0.7390,11.19,3.01,0.29,1.0753,20.37,24.1,44
2026-09-13T08:21:57Z,749185,2026-09-13,08:21:57,1,51.4678000,-0.9819367,42.9,0.00,320.7,14,0.8,0,21,0.2175,0.7256,-0.7349,12.25,2.68,-0.23,1.0610,14.04,24.1,44
2026-09-13T08:21:58Z,750185,2026-09-13,08:21:58,1,51.4678002,-0.9819367,42.9,0.00,320.7,14,0.8,0,21,0.2207,0.7212,-0.7341,10.16,2.17,1.62,1.0561,12.19,24.1,44
2026-09-13T08:21:59Z,751185,2026-09-13,08:21:59,1,51.4678002,-0.9819368,42.9,0.00,320.7,14,0.8,0,21,0.2505,0.7080,-0.7620,15.15,4.66,2.34,1.0699,17.25,24.1,44
2026-09-13T08:22:00Z,752185,2026-09-13,08:22:00,1,51.4678003,-0.9819372,42.9,0.00,320.7,14,0.8,0,21,0.2417,0.6826,-0.7686,5.92,3.70,2.08,1.0687,16.08,24.1,44
2026-09-13T08:22:01Z,753185,2026-09-13,08:22:01,1,51.4678003,-0.9819373,42.9,0.00,320.7,14,0.8,0,21,0.2720,0.6956,-0.7395,11.16,3.51,-0.58,1.0681,14.82,24.1,44
2026-09-13T08:22:02Z,754185,2026-09-13,08:22:02,1,51.4678003,-0.9819375,42.9,0.00,320.7,14,0.8,0,21,0.2656,0.6760,-0.7581,10.62,1.46,0.82,1.0594,12.93,24.1,44
2026-09-13T08:22:03Z,755185,2026-09-13,08:22:03,1,51.4678003,-0.9819378,42.9,0.00,320.7,14,0.8,0,21,0.2253,0.6812,-0.7664,11.96,0.63,-1.85,1.0745,23.35,24.1,44
2026-09-13T08:22:04Z,756185,2026-09-13,08:22:04,1,51.4678003,-0.9819382,42.9,0.00,320.7,14,0.8,0,21,0.2095,0.7034,-0.7944,9.45,5.97,-2.89,1.0815,13.93,24.1,44
2026-09-13T08:22:05Z,757185,2026-09-13,08:22:05,1,51.4678002,-0.9819385,42.9,0.00,320.7,14,0.8,0,21,0.2395,0.6687,-0.7732,10.76,2.05,0.58,1.0927,15.55,24.1,44
2026-09-13T08:22:06Z,758392,2026-09-13,08:22:06,1,51.4678002,-0.9819388,42.9,0.00,320.7,14,0.8,0,22,0.2139,0.6785,-0.7700,10.16,2.05,0.27,1.0569,11.75,24.2,44
2026-09-13T08:22:07Z,759391,2026-09-13,08:22:07,1,51.4678000,-0.9819392,42.9,0.00,320.7,14,0.8,0,22,0.2251,0.6790,-0.7659,10.65,4.14,0.45,1.0597,11.78,24.2,44
2026-09-13T08:22:08Z,760391,2026-09-13,08:22:08,1,51.4678000,-0.9819395,42.9,0.00,320.7,14,0.8,0,22,0.2312,0.6829,-0.7693,11.36,3.28,0.85,1.0582,12.01,24.1,44
2026-09-13T08:22:09Z,761391,2026-09-13,08:22:09,1,51.4677998,-0.9819398,42.9,0.00,320.7,14,0.8,0,22,0.2371,0.6875,-0.7517,9.74,2.27,0.59,1.0603,12.55,24.1,44
2026-09-13T08:22:10Z,762391,2026-09-13,08:22:10,1,51.4677997,-0.9819402,42.9,0.00,320.7,14,0.8,0,22,0.2327,0.6865,-0.7568,10.99,2.78,0.38,1.0595,11.81,24.2,44
2026-09-13T08:22:11Z,763391,2026-09-13,08:22:11,1,51.4677997,-0.9819405,42.9,0.00,320.7,14,0.8,0,22,0.2236,0.6960,-0.7649,10.95,3.61,0.37,1.0606,12.29,24.2,44
2026-09-13T08:22:12Z,764391,2026-09-13,08:22:12,1,51.4677995,-0.9819408,42.9,0.00,320.7,14,0.8,0,22,0.2461,0.6875,-0.7629,8.97,4.02,-2.09,1.0585,13.17,24.2,44
2026-09-13T08:22:13Z,765391,2026-09-13,08:22:13,1,51.4677993,-0.9819412,42.9,0.00,320.7,14,0.8,0,22,0.2241,0.6897,-0.7600,11.50,2.89,0.75,1.0622,13.29,24.2,44
2026-09-13T08:22:14Z,766391,2026-09-13,08:22:14,1,51.4677993,-0.9819413,42.9,0.00,320.7,14,0.8,0,22,0.2761,0.6731,-0.7456,12.07,1.25,-1.57,1.0645,13.38,24.1,44
2026-09-13T08:22:15Z,767391,2026-09-13,08:22:15,1,51.4677992,-0.9819415,42.9,0.00,320.7,14,0.8,0,22,0.2493,0.6921,-0.7493,8.78,0.66,-0.06,1.0701,18.04,24.2,44
2026-09-13T08:22:16Z,768391,2026-09-13,08:22:16,1,51.4677990,-0.9819417,42.9,0.00,320.7,14,0.8,0,22,0.2351,0.7095,-0.7419,10.09,2.43,0.05,1.0638,15.47,24.2,44
2026-09-13T08:22:17Z,769391,2026-09-13,08:22:17,1,51.4677990,-0.9819420,42.9,0.00,320.7,14,0.8,0,22,0.2388,0.6899,-0.7593,13.30,3.02,1.23,1.0586,15.17,24.2,44
2026-09-13T08:22:18Z,770391,2026-09-13,08:22:18,1,51.4677988,-0.9819422,42.9,0.00,320.7,14,0.8,0,22,0.2463,0.7036,-0.7563,10.36,2.81,0.90,1.0639,15.85,24.2,44
2026-09-13T08:22:19Z,771391,2026-09-13,08:22:19,1,51.4677988,-0.9819423,42.9,0.00,320.7,14,0.8,0,22,0.2646,0.7209,-0.7222,12.74,-0.20,0.58,1.0679,15.13,24.2,44
2026-09-13T08:22:20Z,772391,2026-09-13,08:22:20,1,51.4677987,-0.9819423,42.9,0.00,320.7,14,0.8,0,22,0.2661,0.7087,-0.7344,9.54,5.58,-0.85,1.0692,14.85,24.2,44
2026-09-13T08:22:21Z,773391,2026-09-13,08:22:21,1,51.4677985,-0.9819425,42.9,0.00,320.7,14,0.8,0,22,0.2734,0.8159,-0.6660,14.23,-2.55,-2.64,1.1171,18.52,24.2,44
2026-09-13T08:22:22Z,774391,2026-09-13,08:22:22,1,51.4677983,-0.9819423,42.9,0.00,320.7,14,0.8,0,22,0.2532,0.6702,-0.7693,11.59,3.81,0.89,1.0837,22.66,24.2,44
2026-09-13T08:22:23Z,775391,2026-09-13,08:22:23,1,51.4677982,-0.9819422,42.9,0.00,320.7,14,0.8,0,22,0.2397,0.6902,-0.7651,11.48,3.29,-0.35,1.0590,14.63,24.2,44
2026-09-13T08:22:24Z,776391,2026-09-13,08:22:24,1,51.4677980,-0.9819422,42.9,0.00,320.7,14,0.8,0,22,0.2551,0.6855,-0.7490,9.34,2.27,0.48,1.0586,12.92,24.2,44
2026-09-13T08:22:25Z,777391,2026-09-13,08:22:25,1,51.4677978,-0.9819423,43.0,0.00,320.7,14,0.8,0,22,0.2454,0.6775,-0.7639,11.36,2.55,0.17,1.0591,11.81,24.2,44
2026-09-13T08:22:26Z,778391,2026-09-13,08:22:26,1,51.4677977,-0.9819427,43.0,0.00,320.7,14,0.8,0,22,0.2400,0.6780,-0.7527,10.88,2.90,0.48,1.0595,11.27,24.2,44
2026-09-13T08:22:27Z,779391,2026-09-13,08:22:27,1,51.4677975,-0.9819428,43.0,0.00,320.7,14,0.8,0,22,0.2407,0.6750,-0.7605,11.06,2.98,0.37,1.0628,12.06,24.2,44
2026-09-13T08:22:28Z,780391,2026-09-13,08:22:28,1,51.4677973,-0.9819430,43.0,0.00,320.7,14,0.8,0,22,0.2371,0.6953,-0.7576,10.07,2.02,-0.27,1.0579,11.61,24.2,44
2026-09-13T08:22:29Z,781391,2026-09-13,08:22:29,1,51.4677972,-0.9819430,43.1,0.00,320.7,14,0.8,0,22,0.2249,0.6814,-0.7622,9.89,1.67,0.55,1.0583,11.58,24.2,44
2026-09-13T08:22:30Z,782391,2026-09-13,08:22:30,1,51.4677972,-0.9819432,43.1,0.00,320.7,14,0.8,0,22,0.2307,0.6870,-0.7581,10.95,3.73,0.47,1.0600,11.91,24.2,44
2026-09-13T08:22:31Z,783391,2026-09-13,08:22:31,1,51.4677972,-0.9819432,43.1,0.00,320.7,14,0.8,0,22,0.2405,0.6858,-0.7478,11.39,3.74,-0.08,1.0601,11.99,24.2,44
2026-09-13T08:22:32Z,784391,2026-09-13,08:22:32,1,51.4677970,-0.9819432,43.1,0.00,320.7,14,0.8,0,22,0.2385,0.6919,-0.7502,9.76,3.27,-0.15,1.0596,12.21,24.2,44
2026-09-13T08:22:33Z,785391,2026-09-13,08:22:33,1,51.4677970,-0.9819432,43.1,0.00,320.7,14,0.8,0,22,0.2402,0.6877,-0.7629,10.52,2.66,0.45,1.0564,11.47,24.2,44
2026-09-13T08:22:34Z,786391,2026-09-13,08:22:34,1,51.4677968,-0.9819430,43.1,0.00,320.7,14,0.8,0,22,0.2466,0.6934,-0.7458,11.15,2.40,0.41,1.0570,11.44,24.2,44
2026-09-13T08:22:35Z,787391,2026-09-13,08:22:35,1,51.4677968,-0.9819428,43.1,0.00,320.7,14,0.8,0,22,0.2319,0.6958,-0.7581,10.64,1.73,0.98,1.0699,12.43,24.2,44
2026-09-13T08:22:36Z,788603,2026-09-13,08:22:36,1,51.4677967,-0.9819427,43.1,0.00,320.7,14,0.8,0,23,0.2454,0.6892,-0.7498,10.47,2.95,0.08,1.0585,11.88,24.3,45
2026-09-13T08:22:37Z,789603,2026-09-13,08:22:37,1,51.4677965,-0.9819425,43.1,0.00,320.7,14,0.8,0,23,0.2410,0.6890,-0.7534,10.69,3.26,-0.38,1.0551,11.53,24.2,44
2026-09-13T08:22:38Z,790603,2026-09-13,08:22:38,1,51.4677963,-0.9819423,43.2,0.00,320.7,14,0.8,0,23,0.2417,0.6929,-0.7500,10.48,2.58,-0.19,1.0564,11.76,24.3,44
2026-09-13T08:22:39Z,791603,2026-09-13,08:22:39,1,51.4677962,-0.9819422,43.2,0.00,320.7,14,0.8,0,23,0.2263,0.7085,-0.7297,13.77,5.52,1.45,1.0693,14.90,24.3,44
2026-09-13T08:22:40Z,792603,2026-09-13,08:22:40,1,51.4677962,-0.9819422,43.2,0.00,320.7,14,0.8,0,23,0.2332,0.6270,-0.8159,10.77,-10.28,9.98,1.0695,23.09,24.2,44
2026-09-13T08:22:41Z,793603,2026-09-13,08:22:41,1,51.4677960,-0.9819422,43.2,0.00,320.7,14,0.8,0,23,0.2451,0.6814,-0.7578,11.48,2.06,0.63,1.0755,12.61,24.2,44
2026-09-13T08:22:42Z,794603,2026-09-13,08:22:42,1,51.4677958,-0.9819422,43.2,0.00,320.7,14,0.8,0,23,0.2219,0.6943,-0.7576,8.55,3.60,-2.81,1.0603,12.08,24.2,44
2026-09-13T08:22:43Z,795603,2026-09-13,08:22:43,1,51.4677957,-0.9819422,43.2,0.00,320.7,14,0.8,0,23,0.1689,0.7222,-0.7427,11.34,0.45,1.49,1.0653,14.16,24.3,44
2026-09-13T08:22:44Z,796603,2026-09-13,08:22:44,1,51.4677957,-0.9819422,43.2,0.00,320.7,14,0.8,0,23,0.1804,0.7102,-0.7478,12.45,2.88,0.43,1.0650,13.53,24.3,44
2026-09-13T08:22:45Z,797603,2026-09-13,08:22:45,1,51.4677955,-0.9819422,43.2,0.00,320.7,14,0.8,0,23,0.2048,0.7180,-0.7190,9.71,4.06,-1.09,1.0625,12.64,24.3,44
2026-09-13T08:22:46Z,798603,2026-09-13,08:22:46,1,51.4677955,-0.9819423,43.2,0.00,320.7,14,0.8,0,23,0.2249,0.6929,-0.7600,11.15,1.64,0.71,1.0622,14.70,24.3,44
2026-09-13T08:22:47Z,799603,2026-09-13,08:22:47,1,51.4677955,-0.9819423,43.2,0.00,320.7,14,0.8,0,23,0.2468,0.8352,-0.6152,5.62,2.98,-3.37,1.1011,15.68,24.3,44
2026-09-13T08:22:48Z,800603,2026-09-13,08:22:48,1,51.4677955,-0.9819425,43.2,0.00,320.7,14,0.8,0,23,0.1926,0.8186,-0.6860,24.40,5.12,5.55,1.1004,25.54,24.3,44
2026-09-13T08:22:49Z,801603,2026-09-13,08:22:49,1,51.4677953,-0.9819427,43.2,0.00,320.7,14,0.8,0,23,0.1638,0.7644,-0.6904,4.86,-2.67,-5.90,1.0804,26.15,24.3,44
2026-09-13T08:22:50Z,802603,2026-09-13,08:22:50,1,51.4677953,-0.9819428,43.2,0.00,320.7,14,0.8,0,23,0.1301,0.7915,-0.6741,11.88,4.98,-1.70,1.0722,13.94,24.3,44
2026-09-13T08:22:51Z,803603,2026-09-13,08:22:51,1,51.4677952,-0.9819432,43.2,0.00,320.7,14,0.8,0,23,0.1814,0.7651,-0.6860,12.85,5.62,1.92,1.0670,23.58,24.3,44
2026-09-13T08:22:52Z,804603,2026-09-13,08:22:52,1,51.4677952,-0.9819433,43.3,0.00,320.7,14,0.8,0,23,0.1709,0.7615,-0.6956,9.27,0.59,-1.02,1.0649,12.94,24.3,44
2026-09-13T08:22:53Z,805603,2026-09-13,08:22:53,1,51.4677950,-0.9819435,43.3,0.00,320.7,14,0.8,0,23,0.1580,0.7754,-0.6982,12.41,1.01,-0.01,1.0606,12.45,24.3,44
2026-09-13T08:22:54Z,806603,2026-09-13,08:22:54,1,51.4677950,-0.9819437,43.3,0.00,320.7,14,0.8,0,23,0.1599,0.7598,-0.7107,11.66,1.78,-0.61,1.0619,13.14,24.3,44
2026-09-13T08:22:55Z,807603,2026-09-13,08:22:55,1,51.4677948,-0.9819437,43.3,0.00,320.7,14,0.8,0,23,0.1509,0.7537,-0.7139,11.34,0.56,0.09,1.0558,12.61,24.3,44
2026-09-13T08:22:56Z,808603,2026-09-13,08:22:56,1,51.4677948,-0.9819437,43.3,0.00,320.7,14,0.8,0,23,0.0205,0.6562,-0.8037,14.67,-0.02,-2.95,1.0627,39.79,24.3,44
2026-09-13T08:22:57Z,809603,2026-09-13,08:22:57,1,51.4677948,-0.9819437,43.3,0.00,320.7,14,0.8,0,23,0.0063,0.6646,-0.7986,12.03,5.25,-1.17,1.0546,16.13,24.3,44
2026-09-13T08:22:58Z,810603,2026-09-13,08:22:58,1,51.4677948,-0.9819438,43.4,0.00,320.7,14,0.8,0,23,0.0388,0.6658,-0.8059,10.79,3.75,0.02,1.0613,13.73,24.4,44
2026-09-13T08:22:59Z,811603,2026-09-13,08:22:59,1,51.4677948,-0.9819440,43.4,0.00,320.7,14,0.8,0,23,0.0669,0.6680,-0.8025,2.28,1.92,10.53,1.0521,12.87,24.4,44
2026-09-13T08:23:00Z,812620,2026-09-13,08:23:00,1,51.4677947,-0.9819442,43.4,0.00,320.7,14,0.8,0,23,0.2131,0.7153,-0.7307,11.59,1.22,-0.59,1.0775,27.86,24.3,44
2026-09-13T08:23:01Z,813619,2026-09-13,08:23:01,1,51.4677947,-0.9819442,43.4,0.00,320.7,14,0.8,0,23,0.1743,0.6956,-0.7659,9.92,-1.11,1.15,1.0715,17.21,24.3,44
2026-09-13T08:23:02Z,814619,2026-09-13,08:23:02,1,51.4677947,-0.9819443,43.4,0.00,320.7,14,0.8,0,23,0.1528,0.7375,-0.7617,9.97,3.31,6.81,1.0712,13.87,24.4,44
2026-09-13T08:23:03Z,815619,2026-09-13,08:23:03,1,51.4677945,-0.9819445,43.4,0.00,320.7,14,0.8,0,23,0.2432,0.7231,-0.7212,9.14,2.40,0.33,1.0691,14.74,24.4,44
2026-09-13T08:23:04Z,816619,2026-09-13,08:23:04,1,51.4677945,-0.9819447,43.4,0.00,320.7,14,0.8,0,23,0.2083,0.7168,-0.7390,12.27,2.08,0.43,1.0665,15.78,24.4,44
2026-09-13T08:23:05Z,817619,2026-09-13,08:23:05,1,51.4677945,-0.9819448,43.4,0.00,320.7,14,0.8,0,23,0.2251,0.7197,-0.7332,11.02,6.27,-0.28,1.0671,18.03,24.4,44
2026-09-13T08:23:07Z,818820,2026-09-13,08:23:07,1,51.4677945,-0.9819453,43.5,0.00,320.7,14,0.8,0,24,0.2102,0.7009,-0.7771,12.83,1.30,-0.30,1.0767,15.61,24.4,44
2026-09-13T08:23:08Z,819819,2026-09-13,08:23:08,1,51.4677945,-0.9819455,43.5,0.00,320.7,14,0.8,0,24,0.2249,0.6902,-0.7478,10.34,2.95,-0.93,1.0580,13.11,24.4,44
2026-09-13T08:23:09Z,820819,2026-09-13,08:23:09,1,51.4677945,-0.9819457,43.5,0.00,320.7,14,0.8,0,24,0.2251,0.6890,-0.7498,10.98,4.53,0.14,1.0734,13.22,24.4,44
2026-09-13T08:23:10Z,821819,2026-09-13,08:23:10,1,51.4677945,-0.9819458,43.5,0.00,320.7,14,0.8,0,24,0.2095,0.6836,-0.7722,10.53,2.53,0.51,1.0592,11.93,24.4,44
2026-09-13T08:23:11Z,822819,2026-09-13,08:23:11,1,51.4677943,-0.9819460,43.5,0.00,320.7,14,0.8,0,24,0.2070,0.7034,-0.7703,11.46,1.91,0.42,1.0634,11.63,24.4,44
2026-09-13T08:23:12Z,823819,2026-09-13,08:23:12,1,51.4677943,-0.9819462,43.6,0.00,320.7,14,0.8,0,24,0.2063,0.7021,-0.7515,9.45,2.77,-2.05,1.0643,12.98,24.4,44
2026-09-13T08:23:13Z,824819,2026-09-13,08:23:13,1,51.4677942,-0.9819462,43.6,0.00,320.7,14,0.8,0,24,0.2053,0.6914,-0.7603,10.64,3.58,0.13,1.0633,13.41,24.4,44
2026-09-13T08:23:14Z,825819,2026-09-13,08:23:14,1,51.4677940,-0.9819463,43.6,0.00,320.7,14,0.8,0,24,0.2063,0.6970,-0.7632,10.93,2.77,0.34,1.0570,11.73,24.4,44
2026-09-13T08:23:14Z,826819,2026-09-13,08:23:14,1,51.4677940,-0.9819463,43.6,0.00,320.7,14,0.8,0,24,0.2087,0.6956,-0.7522,10.66,2.48,-0.41,1.0561,12.08,24.4,44
2026-09-13T08:23:16Z,827819,2026-09-13,08:23:16,1,51.4677938,-0.9819463,43.6,0.00,320.7,14,0.8,0,24,0.2004,0.7122,-0.7473,9.82,6.41,-1.59,1.0667,13.23,24.4,44
2026-09-13T08:23:17Z,828819,2026-09-13,08:23:17,1,51.4677938,-0.9819463,43.6,0.00,320.7,14,0.8,0,24,0.2205,0.7024,-0.7483,10.55,4.12,0.43,1.0561,13.37,24.4,44
2026-09-13T08:23:18Z,829819,2026-09-13,08:23:18,1,51.4677938,-0.9819465,43.6,0.00,320.7,14,0.8,0,24,0.2236,0.7080,-0.7415,10.81,3.62,0.50,1.0608,11.99,24.4,44
2026-09-13T08:23:19Z,830819,2026-09-13,08:23:19,1,51.4677938,-0.9819467,43.6,0.00,320.7,14,0.8,0,24,0.2241,0.7114,-0.7358,10.79,2.82,-1.21,1.0604,11.75,24.4,44
2026-09-13T08:23:20Z,831819,2026-09-13,08:23:20,1,51.4677938,-0.9819468,43.6,0.00,320.7,14,0.8,0,24,0.2021,0.7173,-0.7476,10.43,3.18,0.54,1.0625,11.68,24.5,44
2026-09-13T08:23:21Z,832819,2026-09-13,08:23:21,1,51.4677937,-0.9819470,43.6,0.00,320.7,14,0.8,0,24,0.2290,0.7065,-0.7329,11.87,6.27,1.66,1.0757,15.32,24.4,44
2026-09-13T08:23:22Z,833819,2026-09-13,08:23:22,1,51.4677938,-0.9819472,43.6,0.00,320.7,14,0.8,0,24,0.2395,0.7131,-0.7417,9.45,1.57,0.47,1.0676,12.38,24.4,44
2026-09-13T08:23:23Z,834819,2026-09-13,08:23:23,1,51.4677937,-0.9819472,43.6,0.00,320.7,14,0.8,0,24,0.2354,0.7183,-0.7285,11.18,2.62,0.08,1.0765,12.81,24.5,44
2026-09-13T08:23:24Z,835819,2026-09-13,08:23:24,1,51.4677937,-0.9819473,43.6,0.00,320.7,14,0.8,0,24,0.2302,0.7317,-0.7266,9.55,2.65,0.51,1.0667,13.35,24.4,44
2026-09-13T08:23:25Z,836819,2026-09-13,08:23:25,1,51.4677937,-0.9819475,43.6,0.00,320.7,14,0.8,0,24,0.2268,0.7227,-0.7290,9.42,2.86,-0.76,1.0575,12.66,24.5,44
2026-09-13T08:23:26Z,837828,2026-09-13,08:23:26,1,51.4677935,-0.9819477,43.6,0.00,320.7,14,0.8,0,24,0.2327,0.7319,-0.7036,12.60,3.09,-3.70,1.0617,13.49,24.5,44
2026-09-13T08:23:27Z,838827,2026-09-13,08:23:27,1,51.4677935,-0.9819477,43.6,0.00,320.7,14,0.8,0,24,0.1797,0.7229,-0.7852,9.21,5.22,-3.22,1.1181,24.29,24.5,44
2026-09-13T08:23:28Z,839827,2026-09-13,08:23:28,1,51.4677935,-0.9819478,43.6,0.00,320.7,14,0.8,0,24,0.2163,0.7168,-0.7275,10.66,2.36,0.20,1.1015,14.62,24.5,44
2026-09-13T08:23:29Z,840827,2026-09-13,08:23:29,1,51.4677935,-0.9819480,43.6,0.00,320.7,14,0.8,0,24,0.2231,0.7134,-0.7468,11.40,3.23,0.91,1.0730,12.92,24.5,44
2026-09-13T08:23:30Z,841827,2026-09-13,08:23:30,1,51.4677933,-0.9819480,43.6,0.00,320.7,14,0.8,0,24,0.2290,0.7173,-0.7317,13.07,3.40,0.70,1.0580,13.52,24.5,44
2026-09-13T08:23:31Z,842827,2026-09-13,08:23:31,1,51.4677933,-0.9819483,43.6,0.00,320.7,14,0.8,0,24,0.2278,0.7109,-0.7344,11.64,4.59,-0.70,1.0635,12.91,24.5,44
2026-09-13T08:23:32Z,843827,2026-09-13,08:23:32,1,51.4677933,-0.9819485,43.6,0.00,320.7,14,0.8,0,24,0.2234,0.7295,-0.7268,12.70,6.63,1.53,1.0773,16.73,24.5,44
2026-09-13T08:23:33Z,844827,2026-09-13,08:23:33,1,51.4677933,-0.9819487,43.6,0.00,320.7,14,0.8,0,24,0.2336,0.7268,-0.7185,11.57,2.48,-0.23,1.0711,16.47,24.5,44
2026-09-13T08:23:34Z,845827,2026-09-13,08:23:34,1,51.4677935,-0.9819487,43.6,0.00,320.7,14,0.8,0,24,0.2334,0.7239,-0.7244,10.88,2.44,1.13,1.0633,11.53,24.5,44
2026-09-13T08:23:35Z,846827,2026-09-13,08:23:35,1,51.4677935,-0.9819488,43.6,0.00,320.7,14,0.8,0,24,0.2329,0.7358,-0.7302,11.89,4.25,1.93,1.0714,13.54,24.5,44
2026-09-13T08:23:36Z,847827,2026-09-13,08:23:36,1,51.4677935,-0.9819488,43.6,0.00,320.7,14,0.8,0,24,0.2358,0.7251,-0.7295,10.26,3.45,1.16,1.0708,15.91,24.5,44
2026-09-13T08:23:37Z,849036,2026-09-13,08:23:37,1,51.4677935,-0.9819490,43.6,0.00,320.7,14,0.8,0,25,0.2268,0.6821,-0.7495,11.89,3.69,-0.12,1.0663,16.52,24.5,44
2026-09-13T08:23:38Z,850035,2026-09-13,08:23:38,1,51.4677933,-0.9819490,43.6,0.00,320.7,14,0.8,0,25,0.2463,0.7537,-0.6731,2.39,2.27,0.75,1.0670,11.85,24.5,44
2026-09-13T08:23:39Z,851035,2026-09-13,08:23:39,1,51.4677933,-0.9819490,43.6,0.00,320.7,14,0.8,0,25,0.2581,0.7410,-0.6941,6.66,1.46,-0.91,1.0884,15.27,24.6,44
2026-09-13T08:23:40Z,852035,2026-09-13,08:23:40,1,51.4677933,-0.9819492,43.6,0.00,320.7,14,0.8,0,25,0.2380,0.7344,-0.7087,13.17,-2.58,0.28,1.0699,13.42,24.6,44
2026-09-13T08:23:41Z,853035,2026-09-13,08:23:41,1,51.4677932,-0.9819492,43.6,0.00,320.7,14,0.8,0,25,0.2610,0.7271,-0.6936,4.82,1.63,0.45,1.0825,19.53,24.6,44
2026-09-13T08:23:42Z,854035,2026-09-13,08:23:42,1,51.4677932,-0.9819493,43.6,0.00,320.7,14,0.8,0,25,0.2258,0.7205,-0.7292,9.62,2.17,-1.97,1.0855,13.31,24.5,44
2026-09-13T08:23:43Z,855035,2026-09-13,08:23:43,1,51.4677932,-0.9819493,43.6,0.00,320.7,14,0.8,0,25,0.2297,0.7563,-0.6699,16.35,-0.88,-1.35,1.0698,17.38,24.5,44
2026-09-13T08:23:44Z,856035,2026-09-13,08:23:44,1,51.4677932,-0.9819495,43.6,0.00,320.7,14,0.8,0,25,0.2283,0.6868,-0.7534,10.28,2.51,0.05,1.0707,20.07,24.6,44
2026-09-13T08:23:45Z,857035,2026-09-13,08:23:45,1,51.4677932,-0.9819497,43.6,0.00,320.7,14,0.8,0,25,0.2515,0.6995,-0.6992,13.59,32.80,-19.58,1.0922,40.54,24.6,44
2026-09-13T08:23:46Z,858035,2026-09-13,08:23:46,1,51.4677932,-0.9819497,43.6,0.00,320.7,14,0.8,0,25,0.2817,0.6897,-0.7542,9.77,2.42,2.59,1.0601,34.65,24.6,44
2026-09-13T08:23:47Z,859035,2026-09-13,08:23:47,1,51.4677933,-0.9819498,43.6,0.00,320.7,14,0.8,0,25,0.2959,0.6724,-0.7468,11.05,2.02,-1.62,1.0616,13.11,24.6,44
2026-09-13T08:23:48Z,860035,2026-09-13,08:23:48,1,51.4677932,-0.9819500,43.6,0.00,320.7,14,0.8,0,25,0.2852,0.6692,-0.7583,9.68,1.89,0.27,1.0687,11.89,24.6,44
2026-09-13T08:23:49Z,861035,2026-09-13,08:23:49,1,51.4677932,-0.9819502,43.6,0.00,320.7,14,0.8,0,25,0.2949,0.6790,-0.7383,10.52,2.83,1.24,1.0610,10.97,24.6,44
2026-09-13T08:23:50Z,862035,2026-09-13,08:23:50,1,51.4677930,-0.9819502,43.6,0.00,320.7,14,0.8,0,25,0.2983,0.6790,-0.7493,10.45,2.09,-0.48,1.0571,11.43,24.6,44
2026-09-13T08:23:51Z,863044,2026-09-13,08:23:51,1,51.4677930,-0.9819502,43.6,0.00,320.7,14,0.8,0,25,0.2932,0.6692,-0.7439,10.40,2.55,0.73,1.0672,12.34,24.6,44
2026-09-13T08:23:52Z,864043,2026-09-13,08:23:52,1,51.4677928,-0.9819502,43.6,0.00,320.7,14,0.8,0,25,0.2324,0.6565,-0.7815,13.87,-10.85,-0.41,1.0684,19.27,24.6,44
2026-09-13T08:23:53Z,865043,2026-09-13,08:23:53,1,51.4677927,-0.9819502,43.6,0.00,320.7,14,0.8,0,25,0.2354,0.6841,-0.7676,7.55,4.04,2.69,1.0815,15.89,24.6,44
2026-09-13T08:23:54Z,866043,2026-09-13,08:23:54,1,51.4677927,-0.9819502,43.6,0.00,320.7,14,0.8,0,25,0.2615,0.6912,-0.7480,9.77,0.93,-0.05,1.0701,12.19,24.6,44
2026-09-13T08:23:55Z,867043,2026-09-13,08:23:55,1,51.4677925,-0.9819502,43.6,0.00,320.7,14,0.8,0,25,0.2524,0.7197,-0.7148,8.49,7.09,-2.87,1.0704,13.40,24.6,44
2026-09-13T08:23:56Z,868043,2026-09-13,08:23:56,1,51.4677925,-0.9819503,43.6,0.00,320.7,14,0.8,0,25,0.2532,0.7100,-0.7478,9.94,3.32,1.12,1.0647,11.63,24.6,44
2026-09-13T08:23:57Z,869043,2026-09-13,08:23:57,1,51.4677923,-0.9819503,43.6,0.00,320.7,14,0.8,0,25,0.2578,0.7051,-0.7363,10.84,2.99,-0.53,1.0655,12.44,24.6,44
2026-09-13T08:23:58Z,870043,2026-09-13,08:23:58,1,51.4677923,-0.9819505,43.6,0.00,320.7,14,0.8,0,25,0.2412,0.6965,-0.7427,10.90,2.77,0.55,1.0667,12.58,24.6,44
2026-09-13T08:23:59Z,871043,2026-09-13,08:23:59,1,51.4677922,-0.9819507,43.6,0.00,320.7,14,0.8,0,25,0.2510,0.6985,-0.7434,10.80,3.52,0.48,1.0624,12.38,24.6,44
2026-09-13T08:24:00Z,872043,2026-09-13,08:24:00,1,51.4677920,-0.9819510,43.6,0.00,320.7,14,0.8,0,25,-0.0864,0.5100,-0.8979,16.31,-6.27,0.20,1.1253,58.12,24.6,44
2026-09-13T08:24:01Z,873043,2026-09-13,08:24:01,1,51.4677918,-0.9819513,43.6,0.00,320.7,14,0.8,0,25,0.2410,0.7314,-0.7344,-0.04,23.49,1.38,1.1140,61.07,24.6,44
2026-09-13T08:24:02Z,874043,2026-09-13,08:24:02,1,51.4677918,-0.9819515,43.6,0.00,320.7,14,0.8,0,25,0.2827,0.7019,-0.7261,10.48,9.34,-1.84,1.1102,19.16,24.6,44
2026-09-13T08:24:03Z,875043,2026-09-13,08:24:03,1,51.4677915,-0.9819518,43.6,0.00,320.7,14,0.8,0,25,0.2690,0.7288,-0.7224,10.45,0.80,0.10,1.0663,13.25,24.6,44
2026-09-13T08:24:04Z,876043,2026-09-13,08:24:04,1,51.4677915,-0.9819520,43.6,0.00,320.7,14,0.8,0,25,0.2700,0.7041,-0.7275,11.00,3.73,0.70,1.0628,12.00,24.6,44
2026-09-13T08:24:05Z,877043,2026-09-13,08:24:05,1,51.4677913,-0.9819522,43.6,0.00,320.7,14,0.8,0,25,0.2781,0.6965,-0.7549,8.70,1.78,0.59,1.0641,12.30,24.7,44
2026-09-13T08:24:06Z,878043,2026-09-13,08:24:06,1,51.4677912,-0.9819522,43.6,0.00,320.7,14,0.8,0,25,0.2664,0.7080,-0.7217,9.89,2.37,-0.21,1.0617,12.47,24.6,44
2026-09-13T08:24:07Z,879250,2026-09-13,08:24:07,1,51.4677912,-0.9819522,43.6,0.00,320.7,14,0.8,0,26,0.2710,0.7046,-0.7271,9.02,2.62,1.37,1.0618,11.39,24.6,44
2026-09-13T08:24:08Z,880249,2026-09-13,08:24:08,1,51.4677912,-0.9819522,43.6,0.00,320.7,14,0.8,0,26,0.2695,0.7158,-0.7170,10.62,2.48,-0.44,1.0614,11.24,24.6,44
2026-09-13T08:24:09Z,881249,2026-09-13,08:24:09,1,51.4677912,-0.9819522,43.6,0.00,320.7,14,0.8,0,26,0.2644,0.7239,-0.7207,10.69,3.09,0.80,1.0631,11.15,24.7,44
2026-09-13T08:24:10Z,882249,2026-09-13,08:24:10,1,51.4677913,-0.9819522,43.6,0.00,320.7,14,0.8,0,26,0.2751,0.7227,-0.7107,10.21,2.67,-0.08,1.0596,11.36,24.7,44
2026-09-13T08:24:11Z,883249,2026-09-13,08:24:11,1,51.4677913,-0.9819523,43.5,0.00,320.7,14,0.8,0,26,0.2891,0.7229,-0.7163,9.79,2.95,1.06,1.0627,10.47,24.7,44
2026-09-13T08:24:12Z,884249,2026-09-13,08:24:12,1,51.4677915,-0.9819525,43.5,0.00,320.7,14,0.8,0,26,0.2661,0.7327,-0.7231,10.80,2.84,-0.51,1.0662,12.22,24.6,44
2026-09-13T08:24:13Z,885249,2026-09-13,08:24:13,1,51.4677915,-0.9819525,43.5,0.00,320.7,14,0.8,0,26,0.2725,0.7273,-0.7124,10.60,2.30,1.14,1.0646,11.82,24.7,44
2026-09-13T08:24:14Z,886249,2026-09-13,08:24:14,1,51.4677917,-0.9819527,43.5,0.00,320.7,14,0.8,0,26,0.2678,0.8015,-0.7070,27.20,11.50,-15.50,1.1018,33.35,24.7,44
2026-09-13T08:24:15Z,887249,2026-09-13,08:24:15,1,51.4677917,-0.9819527,43.5,0.00,320.7,14,0.8,0,26,0.7161,0.4631,-0.7197,19.79,22.05,-5.23,1.2459,93.71,24.7,44
2026-09-13T08:24:16Z,888259,2026-09-13,08:24:16,1,51.4677917,-0.9819527,43.5,0.00,320.7,14,0.8,0,26,0.7612,0.3413,-0.5996,14.31,7.09,3.02,1.0933,43.32,24.7,44
2026-09-13T08:24:17Z,889258,2026-09-13,08:24:17,1,51.4677918,-0.9819528,43.5,0.00,320.7,14,0.8,0,26,0.8213,0.2322,-0.6438,3.41,-2.55,-1.13,1.1712,22.85,24.7,44
2026-09-13T08:24:18Z,890258,2026-09-13,08:24:18,1,51.4677918,-0.9819530,43.5,0.00,320.7,14,0.8,0,26,0.5674,0.3708,-0.7280,-16.01,-27.05,15.23,1.1569,54.35,24.7,44
2026-09-13T08:24:19Z,891258,2026-09-13,08:24:19,1,51.4677918,-0.9819530,43.5,0.00,320.7,14,0.8,0,26,0.2686,0.6919,-0.8135,10.45,3.12,19.77,1.1275,62.31,24.7,44
2026-09-13T08:24:20Z,892258,2026-09-13,08:24:20,1,51.4677918,-0.9819532,43.4,0.00,320.7,14,0.8,0,26,0.3142,0.6191,-0.7649,9.68,2.52,2.75,1.1106,29.31,24.7,44
2026-09-13T08:24:21Z,893258,2026-09-13,08:24:21,1,51.4677918,-0.9819532,43.4,0.00,320.7,14,0.8,0,26,0.3291,0.6108,-0.7905,10.27,3.04,1.39,1.0650,12.54,24.7,44
2026-09-13T08:24:22Z,894258,2026-09-13,08:24:22,1,51.4677918,-0.9819532,43.4,0.00,320.7,14,0.8,0,26,0.3406,0.6182,-0.7996,9.43,2.23,0.80,1.0665,12.28,24.7,44
2026-09-13T08:24:23Z,895258,2026-09-13,08:24:23,1,51.4677920,-0.9819533,43.4,0.00,320.7,14,0.8,0,26,0.2761,0.7852,-0.6565,4.13,-19.84,-16.57,1.0965,26.17,24.7,44
2026-09-13T08:24:24Z,896258,2026-09-13,08:24:24,1,51.4677922,-0.9819533,43.4,0.00,320.7,14,0.8,0,26,0.2200,0.7258,-0.6880,12.89,6.69,1.04,1.1117,30.45,24.7,44
2026-09-13T08:24:25Z,897258,2026-09-13,08:24:25,1,51.4677922,-0.9819533,43.4,0.00,320.7,14,0.8,0,26,0.1819,0.7161,-0.7563,15.11,3.76,2.78,1.0769,18.37,24.8,44
2026-09-13T08:24:26Z,898258,2026-09-13,08:24:26,1,51.4677923,-0.9819533,43.4,0.00,320.7,14,0.8,0,26,0.7000,0.4646,-0.6306,43.95,36.07,6.43,1.4960,94.78,24.7,44
2026-09-13T08:24:27Z,899258,2026-09-13,08:24:27,1,51.4677923,-0.9819535,43.3,0.00,320.7,14,0.8,0,26,-0.1099,0.9241,-0.2971,-30.03,75.85,-68.38,1.1492,136.29,24.8,44
2026-09-13T08:24:28Z,900258,2026-09-13,08:24:28,1,51.4677923,-0.9819537,43.3,0.00,320.7,14,0.8,0,26,-0.2056,0.4590,-0.8472,25.74,27.65,-9.34,1.5157,74.35,24.7,44
2026-09-13T08:24:29Z,901258,2026-09-13,08:24:29,1,51.4677980,-0.9819428,43.0,0.00,320.7,14,0.8,0,26,0.2036,0.7693,-0.5691,58.77,56.05,81.12,1.4272,114.78,24.7,44
2026-09-13T08:24:30Z,902258,2026-09-13,08:24:30,1,51.4678002,-0.9819330,42.7,3.87,51.6,14,0.8,0,26,0.9482,0.2478,-0.5364,-3.06,-75.64,-22.48,1.3700,125.91,24.8,44
2026-09-13T08:24:31Z,903258,2026-09-13,08:24:31,1,51.4678002,-0.9819337,42.7,2.67,51.6,14,0.8,0,26,-0.4358,0.8169,-0.4734,-1.54,7.25,-5.98,1.0828,149.75,24.7,44
2026-09-13T08:24:32Z,904258,2026-09-13,08:24:32,1,51.4678000,-0.9819347,42.7,0.00,51.6,14,0.8,0,26,-0.3818,0.7607,-0.5378,25.20,-13.95,14.73,1.3957,63.41,24.7,44
2026-09-13T08:24:33Z,905258,2026-09-13,08:24:33,1,51.4678002,-0.9819350,42.8,0.00,51.6,14,0.8,0,26,-0.4653,1.0049,-0.7722,35.22,-44.90,7.17,1.5236,76.55,24.7,44
2026-09-13T08:24:34Z,906258,2026-09-13,08:24:34,1,51.4677987,-0.9819320,42.9,0.00,51.6,14,0.8,0,26,-0.2319,0.8813,-0.2349,64.62,-94.13,37.63,1.4993,120.22,24.7,44
2026-09-13T08:24:35Z,907258,2026-09-13,08:24:35,1,51.4677958,-0.9819282,43.1,0.83,51.6,14,0.8,0,26,-0.4832,0.9260,-0.6013,34.76,-45.82,45.48,1.3299,152.13,24.8,44
2026-09-13T08:24:36Z,908258,2026-09-13,08:24:36,1,51.4677957,-0.9819283,43.1,1.70,51.6,14,0.8,0,26,-0.4358,0.8464,-0.7012,30.53,25.32,-19.16,1.4555,72.02,24.7,44
2026-09-13T08:24:37Z,909461,2026-09-13,08:24:37,1,51.4677953,-0.9819283,43.1,0.00,51.6,14,0.8,0,27,-0.2817,0.9307,-0.2166,11.30,20.13,-2.42,1.8871,61.56,24.8,44
2026-09-13T08:24:38Z,910460,2026-09-13,08:24:38,1,51.4677952,-0.9819285,43.1,0.00,51.6,14,0.8,0,27,-0.4778,1.1030,-0.5649,-11.17,-4.32,-6.03,1.3865,48.93,24.8,44
2026-09-13T08:24:39Z,911460,2026-09-13,08:24:39,1,51.4677970,-0.9819400,43.0,3.11,51.6,14,0.8,0,27,-0.4431,0.7053,-0.4333,-36.69,55.84,-19.04,1.2225,69.48,24.8,44
2026-09-13T08:24:40Z,912460,2026-09-13,08:24:40,1,51.4677990,-0.9819465,43.1,1.17,51.6,14,0.8,0,27,-0.3787,1.0354,-0.2759,8.38,1.91,-11.74,1.1593,98.01,24.8,44
2026-09-13T08:24:41Z,913469,2026-09-13,08:24:41,1,51.4677987,-0.9819473,43.0,0.00,51.6,14,0.8,0,27,-0.3901,0.8066,-0.4075,11.55,0.80,-13.26,1.2082,52.33,24.8,44
2026-09-13T08:24:42Z,914469,2026-09-13,08:24:42,1,51.4677985,-0.9819472,43.0,0.00,51.6,14,0.8,0,27,-0.4163,0.8999,-0.3542,-6.70,14.38,-6.34,1.1735,59.77,24.8,44
2026-09-13T08:24:43Z,915469,2026-09-13,08:24:43,1,51.4677985,-0.9819467,43.0,0.00,51.6,14,0.8,0,27,-0.3953,0.8264,-0.4634,24.99,-23.63,10.22,1.0721,67.17,24.8,44
2026-09-13T08:24:44Z,916469,2026-09-13,08:24:44,1,51.4677985,-0.9819462,43.0,0.00,51.6,14,0.8,0,27,-0.4092,0.8999,-0.3452,-11.27,25.28,-10.70,1.0766,47.98,24.8,44
2026-09-13T08:24:45Z,917469,2026-09-13,08:24:45,1,51.4677985,-0.9819457,43.0,0.00,51.6,14,0.8,0,27,-0.4048,0.8467,-0.4087,13.98,-17.71,-3.36,1.0775,65.55,24.8,44
2026-09-13T08:24:46Z,918469,2026-09-13,08:24:46,1,51.4677985,-0.9819455,43.1,0.00,51.6,14,0.8,0,27,-0.5510,0.7598,-0.3650,0.70,9.55,-18.34,1.0937,26.55,24.8,44
2026-09-13T08:24:47Z,919469,2026-09-13,08:24:47,1,51.4677982,-0.9819457,43.1,0.00,51.6,14,0.8,0,27,-0.4287,0.8977,-0.2773,4.91,11.70,2.93,1.2704,29.23,24.8,44
2026-09-13T08:24:48Z,920469,2026-09-13,08:24:48,1,51.4677980,-0.9819453,43.1,0.00,51.6,14,0.8,0,27,-0.4480,0.8816,-0.3357,1.55,-10.05,-11.77,1.0995,21.43,24.7,44
2026-09-13T08:24:49Z,921469,2026-09-13,08:24:49,1,51.4677982,-0.9819448,43.1,0.00,51.6,14,0.8,0,27,-0.4333,0.7786,-0.3872,12.02,-10.88,1.77,1.1542,24.82,24.8,44
2026-09-13T08:24:50Z,922469,2026-09-13,08:24:50,1,51.4677978,-0.9819450,43.1,0.00,51.6,14,0.8,0,27,-0.4514,0.8657,-0.3735,6.99,4.62,0.36,1.0738,17.28,24.8,44
2026-09-13T08:24:51Z,923469,2026-09-13,08:24:51,1,51.4677973,-0.9819452,43.1,0.00,51.6,14,0.8,0,27,-0.4939,0.7502,-0.5144,-17.34,53.45,-36.99,1.0611,67.27,24.8,44
2026-09-13T08:24:52Z,924469,2026-09-13,08:24:52,1,51.4677970,-0.9819452,43.1,0.00,51.6,14,0.8,0,27,-0.4033,0.9087,-0.3555,14.20,-19.05,17.39,1.0732,94.25,24.8,44
2026-09-13T08:24:53Z,925469,2026-09-13,08:24:53,1,51.4677968,-0.9819453,43.1,0.00,51.6,14,0.8,0,27,-0.3755,0.8533,-0.4526,8.07,3.24,-13.86,1.0720,120.07,24.8,44
2026-09-13T08:24:54Z,926469,2026-09-13,08:24:54,1,51.4677968,-0.9819457,43.1,0.00,51.6,14,0.8,0,27,-0.4114,0.8909,-0.4126,-2.21,18.63,-1.59,1.0793,41.71,24.8,43
2026-09-13T08:24:55Z,927469,2026-09-13,08:24:55,1,51.4677967,-0.9819458,43.0,0.00,51.6,14,0.8,0,27,-0.3523,0.8572,-0.4602,15.78,-15.77,3.91,1.0657,26.31,24.8,44
2026-09-13T08:24:56Z,928469,2026-09-13,08:24:56,1,51.4677967,-0.9819460,43.0,0.00,51.6,14,0.8,0,27,-0.4602,0.7651,-0.4812,-7.55,9.96,-6.53,1.0599,27.06,24.8,44
2026-09-13T08:24:57Z,929469,2026-09-13,08:24:57,1,51.4677965,-0.9819462,43.0,0.00,51.6,14,0.8,0,27,-0.3103,0.9048,-0.3313,3.00,8.19,6.98,1.0960,26.03,24.8,44
2026-09-13T08:24:58Z,930469,2026-09-13,08:24:58,1,51.4677965,-0.9819463,43.0,0.00,51.6,14,0.8,0,27,-0.2729,0.7754,-0.5693,17.48,26.65,-16.04,1.1138,48.85,24.8,44
2026-09-13T08:24:59Z,931469,2026-09-13,08:24:59,1,51.4677965,-0.9819465,43.0,0.00,51.6,14,0.8,0,27,-0.4333,0.7483,-0.4883,-15.88,11.57,-7.36,1.1348,40.96,24.8,44
2026-09-13T08:25:00Z,932469,2026-09-13,08:25:00,1,51.4677965,-0.9819465,43.0,0.00,51.6,14,0.8,0,27,-0.4402,1.0068,-0.2715,55.54,-55.39,28.47,1.1319,83.45,24.8,44
2026-09-13T08:25:01Z,933469,2026-09-13,08:25:01,1,51.4677965,-0.9819467,43.0,0.00,51.6,14,0.8,0,27,-0.5078,0.7109,-0.4822,-39.94,77.72,-41.64,1.1740,132.44,24.8,44
2026-09-13T08:25:02Z,934469,2026-09-13,08:25:02,1,51.4677967,-0.9819468,43.0,0.00,51.6,14,0.8,0,27,-0.4170,0.8982,-0.3999,26.04,-25.47,10.64,1.3545,135.81,24.8,44
2026-09-13T08:25:03Z,935469,2026-09-13,08:25:03,1,51.4677968,-0.9819472,43.0,0.00,51.6,14,0.8,0,27,-0.4014,0.8796,-0.4104,21.76,-13.20,8.55,1.0697,43.54,24.8,44
2026-09-13T08:25:04Z,936469,2026-09-13,08:25:04,1,51.4677970,-0.9819472,43.0,0.00,51.6,14,0.8,0,27,-0.3821,0.8784,-0.4419,-4.41,22.05,-18.89,1.0702,37.38,24.8,44
2026-09-13T08:25:05Z,937469,2026-09-13,08:25:05,1,51.4677970,-0.9819475,43.0,0.00,51.6,14,0.8,0,27,-0.3149,0.8713,-0.3298,-26.71,89.95,-29.27,1.2354,103.91,24.8,44
2026-09-13T08:25:06Z,938469,2026-09-13,08:25:06,1,51.4677970,-0.9819478,43.0,0.00,51.6,14,0.8,0,27,-0.3335,0.8955,-0.4058,50.42,-61.38,36.20,1.1119,90.24,24.8,44
2026-09-13T08:25:07Z,939673,2026-09-13,08:25:07,1,51.4677970,-0.9819483,43.0,0.00,51.6,14,0.8,0,28,-0.3884,0.8135,-0.5493,-13.91,9.52,-5.07,1.0679,107.99,24.8,45
2026-09-13T08:25:08Z,940673,2026-09-13,08:25:08,1,51.4677970,-0.9819488,43.0,0.00,51.6,14,0.8,0,28,-0.3108,0.7114,-0.6270,-18.91,24.55,-25.34,1.0795,45.36,24.8,44
2026-09-13T08:25:09Z,941673,2026-09-13,08:25:09,1,51.4677972,-0.9819492,43.1,0.00,51.6,14,0.8,0,28,-0.2627,0.9282,-0.3862,14.59,-22.30,-1.34,1.2864,46.79,24.8,44
2026-09-13T08:25:10Z,942673,2026-09-13,08:25:10,1,51.4677972,-0.9819495,43.1,0.00,51.6,14,0.8,0,28,-0.3914,0.9465,-0.2578,-42.97,97.94,-56.11,1.1180,131.67,24.8,44
2026-09-13T08:25:11Z,943673,2026-09-13,08:25:11,1,51.4677972,-0.9819498,43.0,0.00,51.6,14,0.8,0,28,-0.0522,0.8000,-0.3235,33.81,14.90,8.68,1.1609,107.40,24.8,44
2026-09-13T08:25:12Z,944673,2026-09-13,08:25:12,1,51.4677972,-0.9819502,43.0,0.00,51.6,14,0.8,0,28,-0.3003,0.8289,-0.5708,-3.95,-14.58,-5.55,1.1547,55.30,24.8,44
2026-09-13T08:25:13Z,945673,2026-09-13,08:25:13,1,51.4677973,-0.9819505,43.0,0.00,51.6,14,0.8,0,28,0.0320,0.5349,-0.2588,15.77,107.08,-33.75,1.4092,130.08,24.8,44
2026-09-13T08:25:14Z,946673,2026-09-13,08:25:14,1,51.4677973,-0.9819508,43.0,0.00,51.6,14,0.8,0,28,-0.4460,0.8674,-0.3943,-0.88,-6.39,2.19,1.1194,80.22,24.8,44
2026-09-13T08:25:15Z,947673,2026-09-13,08:25:15,1,51.4677975,-0.9819512,43.0,0.00,51.6,14,0.8,0,28,-0.3096,0.8623,-0.3633,-2.15,-4.23,-14.08,1.1038,27.84,24.8,44
2026-09-13T08:25:16Z,948673,2026-09-13,08:25:16,1,51.4677977,-0.9819517,43.0,0.00,51.6,14,0.8,0,28,-0.3328,0.8215,-0.4578,1.03,10.08,-5.19,1.0890,53.89,24.8,44
2026-09-13T08:25:17Z,949673,2026-09-13,08:25:17,1,51.4677977,-0.9819523,43.0,0.00,51.6,14,0.8,0,28,-0.2925,0.8892,-0.4834,16.64,-8.23,10.36,1.1127,23.72,24.8,44
2026-09-13T08:25:18Z,950673,2026-09-13,08:25:18,1,51.4677980,-0.9819528,43.0,0.00,51.6,14,0.8,0,28,-0.2966,0.8516,-0.5259,14.23,-18.93,8.88,1.0735,40.99,24.8,44
2026-09-13T08:25:19Z,951673,2026-09-13,08:25:19,1,51.4677982,-0.9819533,43.0,0.00,51.6,14,0.8,0,28,-0.4536,0.9089,-0.3401,17.18,-4.57,2.66,1.1372,38.56,24.8,44
2026-09-13T08:25:20Z,952673,2026-09-13,08:25:20,1,51.4677983,-0.9819540,43.0,0.00,51.6,14,0.8,0,28,-0.1631,0.7761,-0.7192,16.03,32.66,0.22,1.1782,59.91,24.8,44
2026-09-13T08:25:21Z,953673,2026-09-13,08:25:21,1,51.4677985,-0.9819547,43.0,0.00,51.6,14,0.8,0,28,-0.2698,0.6941,-0.7202,22.08,-29.41,11.80,1.1112,66.86,24.8,43
2026-09-13T08:25:22Z,954673,2026-09-13,08:25:22,1,51.4677985,-0.9819552,43.0,0.00,51.6,14,0.8,0,28,-0.3364,0.7375,-0.6450,17.10,-9.52,6.30,1.0694,31.91,24.8,44
2026-09-13T08:25:23Z,955673,2026-09-13,08:25:23,1,51.4677987,-0.9819557,43.0,0.00,51.6,14,0.8,0,28,-0.0217,0.9712,-0.3274,-28.16,96.07,-28.56,1.2212,143.23,24.8,44
2026-09-13T08:25:24Z,956673,2026-09-13,08:25:24,1,51.4677988,-0.9819562,43.0,0.00,51.6,14,0.8,0,28,-0.3628,1.0061,-0.8896,109.12,-111.18,71.45,1.3921,171.39,24.8,44
2026-09-13T08:25:25Z,957673,2026-09-13,08:25:25,1,51.4677987,-0.9819563,43.0,0.00,51.6,14,0.8,0,28,-0.3135,0.7874,-0.5869,-23.55,-2.73,-10.05,1.3692,172.35,24.8,44
2026-09-13T08:25:26Z,958673,2026-09-13,08:25:26,1,51.4677987,-0.9819567,43.0,0.00,51.6,14,0.8,0,28,-0.3579,0.8423,-0.4849,15.51,-9.48,3.60,1.0933,33.54,24.8,44
2026-09-13T08:25:27Z,959673,2026-09-13,08:25:27,1,51.4677987,-0.9819570,43.0,0.00,51.6,14,0.8,0,28,-0.3508,0.8145,-0.5059,4.88,1.17,-1.85,1.0579,23.58,24.8,44
2026-09-13T08:25:28Z,960673,2026-09-13,08:25:28,1,51.4677987,-0.9819575,43.0,0.00,51.6,14,0.8,0,28,-0.3848,0.8413,-0.4944,7.76,3.99,-2.34,1.0602,25.26,24.8,44
2026-09-13T08:25:29Z,961673,2026-09-13,08:25:29,1,51.4677987,-0.9819578,43.0,0.00,51.6,14,0.8,0,28,-0.3684,0.8606,-0.4673,6.98,7.11,-0.33,1.0564,13.62,24.8,44
2026-09-13T08:25:30Z,962673,2026-09-13,08:25:30,1,51.4677987,-0.9819583,42.9,0.00,51.6,14,0.8,0,28,-0.3406,0.8633,-0.4683,10.89,1.15,1.52,1.0625,11.43,24.8,44
2026-09-13T08:25:31Z,963673,2026-09-13,08:25:31,1,51.4677987,-0.9819587,42.9,0.00,51.6,14,0.8,0,28,-0.3035,0.8420,-0.5554,15.52,12.75,-2.61,1.0627,24.59,24.8,44
2026-09-13T08:25:32Z,964673,2026-09-13,08:25:32,1,51.4677987,-0.9819592,42.9,0.00,51.6,14,0.8,0,28,-0.4429,0.8250,-0.4585,-6.44,-11.02,-13.51,1.0565,22.70,24.8,44
2026-09-13T08:25:33Z,965673,2026-09-13,08:25:33,1,51.4677985,-0.9819593,42.9,0.00,51.6,14,0.8,0,28,-0.4370,0.7549,-0.4351,-18.39,10.69,-14.30,1.0711,32.16,24.8,44
2026-09-13T08:25:34Z,966673,2026-09-13,08:25:34,1,51.4677985,-0.9819597,42.9,0.00,51.6,14,0.8,0,28,-0.4861,0.8105,-0.4370,13.23,-19.77,16.61,1.1311,36.58,24.8,44
2026-09-13T08:25:35Z,967673,2026-09-13,08:25:35,1,51.4677985,-0.9819598,42.9,0.00,51.6,14,0.8,0,28,-0.3203,1.0479,-0.2949,31.73,-15.96,-3.90,1.2460,63.44,24.9,44
2026-09-13T08:25:36Z,968673,2026-09-13,08:25:36,1,51.4677985,-0.9819602,42.9,0.00,51.6,14,0.8,0,28,-0.3691,0.7720,-0.5581,8.45,0.32,-4.95,1.2588,217.45,24.8,44
2026-09-13T08:25:38Z,969891,2026-09-13,08:25:38,1,51.4677962,-0.9819590,43.1,1.35,51.6,14,0.8,0,29,-0.1687,0.9360,-0.3118,-12.73,76.73,-3.06,1.1121,77.84,24.8,45
2026-09-13T08:25:39Z,970891,2026-09-13,08:25:39,1,51.4677960,-0.9819608,43.1,0.00,51.6,14,0.8,0,29,-0.4165,0.7847,-0.4961,36.70,-37.05,14.39,1.1795,116.37,24.8,44
2026-09-13T08:25:40Z,971891,2026-09-13,08:25:40,1,51.4677957,-0.9819627,43.1,0.00,51.6,14,0.8,0,29,-0.5208,0.7397,-0.5320,11.63,5.72,-10.64,1.1597,67.52,24.9,44
2026-09-13T08:25:41Z,972891,2026-09-13,08:25:41,1,51.4677955,-0.9819642,43.1,0.00,51.6,14,0.8,0,29,-0.5295,0.7712,-0.4192,4.79,19.57,6.81,1.0593,33.63,24.9,44
2026-09-13T08:25:42Z,973891,2026-09-13,08:25:42,1,51.4677955,-0.9819657,43.1,0.00,51.6,14,0.8,0,29,-0.4939,0.8040,-0.4243,9.88,3.18,1.03,1.0531,18.93,24.9,44
2026-09-13T08:25:43Z,974891,2026-09-13,08:25:43,1,51.4677953,-0.9819660,43.1,0.00,51.6,14,0.8,0,29,-0.4768,0.8147,-0.4189,10.93,2.88,1.22,1.0387,11.98,24.9,44
2026-09-13T08:25:44Z,975891,2026-09-13,08:25:44,1,51.4677955,-0.9819660,43.1,0.00,51.6,14,0.8,0,29,-0.4485,0.8191,-0.4270,9.76,3.88,0.47,1.0392,11.86,24.9,44
2026-09-13T08:25:45Z,976891,2026-09-13,08:25:45,1,51.4677957,-0.9819658,43.0,0.00,51.6,14,0.8,0,29,-0.4607,0.8245,-0.4263,7.55,4.30,-1.74,1.0416,11.65,24.9,44
2026-09-13T08:25:46Z,977891,2026-09-13,08:25:46,1,51.4677962,-0.9819652,43.0,0.00,51.6,14,0.8,0,29,-0.4663,0.8074,-0.4297,14.84,0.70,3.43,1.0414,15.36,24.9,44
2026-09-13T08:25:47Z,978891,2026-09-13,08:25:47,1,51.4677965,-0.9819647,43.0,0.00,51.6,14,0.8,0,29,-0.4475,0.8357,-0.4102,11.28,2.85,4.59,1.0511,13.16,24.9,44
2026-09-13T08:25:48Z,979891,2026-09-13,08:25:48,1,51.4677965,-0.9819643,43.0,0.00,51.6,14,0.8,0,29,-0.4619,0.8215,-0.4114,6.62,1.09,-4.36,1.0486,13.63,24.9,44
2026-09-13T08:25:49Z,980891,2026-09-13,08:25:49,1,51.4677965,-0.9819642,43.0,0.00,51.6,14,0.8,0,29,-0.4822,0.8096,-0.3826,-11.57,41.74,-12.33,1.0723,45.04,24.9,44
2026-09-13T08:25:50Z,981891,2026-09-13,08:25:50,1,51.4677967,-0.9819643,43.0,0.00,51.6,14,0.8,0,29,-0.4558,0.8689,-0.3794,13.52,1.55,10.02,1.0714,44.78,24.9,44
2026-09-13T08:25:51Z,982891,2026-09-13,08:25:51,1,51.4677970,-0.9819647,43.0,0.00,51.6,14,0.8,0,29,-0.4507,0.8467,-0.4111,5.17,-0.98,-0.44,1.0483,19.54,24.8,44
2026-09-13T08:25:52Z,983891,2026-09-13,08:25:52,1,51.4677975,-0.9819652,43.0,0.00,51.6,14,0.8,0,29,-0.4275,0.8679,-0.3823,7.87,-0.26,-3.94,1.0512,14.37,24.9,44
2026-09-13T08:25:53Z,984891,2026-09-13,08:25:53,1,51.4677980,-0.9819657,43.0,0.00,51.6,14,0.8,0,29,-0.4609,0.8459,-0.3728,9.34,2.55,-0.30,1.0502,11.04,24.9,44
2026-09-13T08:25:54Z,985891,2026-09-13,08:25:54,1,51.4677988,-0.9819660,42.9,0.00,51.6,14,0.8,0,29,-0.4294,0.8462,-0.3916,13.09,3.26,3.84,1.0480,18.89,24.9,44
2026-09-13T08:25:55Z,986891,2026-09-13,08:25:55,1,51.4677993,-0.9819663,42.9,0.00,51.6,14,0.8,0,29,-0.4338,0.8650,-0.3743,17.23,0.13,6.09,1.0975,29.21,24.9,44
2026-09-13T08:25:56Z,987891,2026-09-13,08:25:56,1,51.4677998,-0.9819667,42.9,0.00,51.6,14,0.8,0,29,-0.3396,0.8513,-0.5325,12.48,-13.08,7.36,1.1154,46.44,24.9,44
2026-09-13T08:25:57Z,988901,2026-09-13,08:25:57,1,51.4678000,-0.9819670,42.9,0.00,51.6,14,0.8,0,29,-0.2954,0.9172,-0.4617,4.91,1.53,-3.24,1.0685,14.76,24.9,44
2026-09-13T08:25:58Z,989900,2026-09-13,08:25:58,1,51.4678002,-0.9819673,42.9,0.00,51.6,14,0.8,0,29,-0.4204,0.8855,-0.3540,14.73,-5.34,-9.30,1.1020,20.19,24.9,44
2026-09-13T08:25:59Z,990900,2026-09-13,08:25:59,1,51.4678005,-0.9819677,42.9,0.00,51.6,14,0.8,0,29,-0.4429,0.8464,-0.4355,29.10,-8.02,16.21,1.0580,34.90,24.9,44
2026-09-13T08:26:00Z,991900,2026-09-13,08:26:00,1,51.4678008,-0.9819680,42.9,0.00,51.6,14,0.8,0,29,-0.4026,0.9243,-0.3455,5.82,21.30,-0.66,1.0864,31.85,24.9,44
2026-09-13T08:26:01Z,992900,2026-09-13,08:26:01,1,51.4678010,-0.9819683,42.9,0.00,51.6,14,0.8,0,29,-0.3503,0.8799,-0.4238,8.65,-5.55,-0.05,1.0697,30.46,24.9,44
2026-09-13T08:26:02Z,993900,2026-09-13,08:26:02,1,51.4678012,-0.9819687,42.9,0.00,51.6,14,0.8,0,29,-0.4087,0.8533,-0.3838,14.48,2.53,3.70,1.0822,16.62,24.9,44
2026-09-13T08:26:03Z,994900,2026-09-13,08:26:03,1,51.4678015,-0.9819688,42.9,0.00,51.6,14,0.8,0,29,-0.3799,0.8831,-0.4082,8.93,2.31,1.69,1.0519,16.57,24.9,44
2026-09-13T08:26:04Z,995900,2026-09-13,08:26:04,1,51.4678017,-0.9819690,42.9,0.00,51.6,14,0.8,0,29,-0.3701,0.8970,-0.3982,11.05,2.04,-2.95,1.0508,11.79,24.9,44
2026-09-13T08:26:05Z,996900,2026-09-13,08:26:05,1,51.4678020,-0.9819693,42.9,0.00,51.6,14,0.8,0,29,-0.3672,0.8950,-0.3931,8.99,0.50,2.43,1.0549,12.51,24.9,44
2026-09-13T08:26:06Z,997900,2026-09-13,08:26:06,1,51.4678013,-0.9819693,42.6,0.00,51.6,14,0.8,0,29,-0.4011,0.8850,-0.3652,11.98,3.68,-1.40,1.0541,13.93,24.9,44
2026-09-13T08:26:07Z,998900,2026-09-13,08:26:07,1,51.4678017,-0.9819703,42.6,0.61,51.6,14,0.8,0,29,-0.3718,0.8972,-0.3894,15.68,-1.05,3.87,1.0544,17.92,24.9,44
2026-09-13T08:26:08Z,1000106,2026-09-13,08:26:08,1,51.4678018,-0.9819703,42.6,0.00,51.6,14,0.8,0,30,-0.3608,0.9009,-0.3918,9.80,1.80,-0.28,1.0515,17.06,24.9,44
2026-09-13T08:26:09Z,1001105,2026-09-13,08:26:09,1,51.4678020,-0.9819698,42.6,0.00,51.6,14,0.8,0,30,-0.4104,0.8738,-0.3787,13.52,-1.12,-1.62,1.0552,13.90,25.0,44
2026-09-13T08:26:10Z,1002105,2026-09-13,08:26:10,1,51.4678023,-0.9819697,42.6,0.00,51.6,14,0.8,0,30,-0.4336,0.8635,-0.3745,9.40,-0.77,-0.16,1.0500,13.85,24.9,44
2026-09-13T08:26:11Z,1003105,2026-09-13,08:26:11,1,51.4678027,-0.9819695,42.6,0.00,51.6,14,0.8,0,30,-0.3748,0.9102,-0.3899,18.78,7.45,11.62,1.0587,23.31,25.0,44
2026-09-13T08:26:12Z,1004105,2026-09-13,08:26:12,1,51.4678028,-0.9819690,42.6,0.00,51.6,14,0.8,0,30,-0.3381,0.9285,-0.4836,-15.09,30.37,-2.93,1.1020,35.10,25.0,44
2026-09-13T08:26:13Z,1005105,2026-09-13,08:26:13,1,51.4678030,-0.9819690,42.6,0.00,51.6,14,0.8,0,30,-0.2537,0.9194,-0.3977,33.46,-40.50,3.95,1.0913,74.66,24.9,44
2026-09-13T08:26:14Z,1006105,2026-09-13,08:26:14,1,51.4678030,-0.9819695,42.6,0.00,51.6,14,0.8,0,30,-0.3672,0.9011,-0.3882,9.07,5.66,2.46,1.0949,48.74,25.0,44
2026-09-13T08:26:15Z,1007105,2026-09-13,08:26:15,1,51.4678032,-0.9819697,42.6,0.00,51.6,14,0.8,0,30,-0.3347,0.9089,-0.3630,8.34,-0.20,0.47,1.0553,12.39,25.0,44
2026-09-13T08:26:16Z,1008105,2026-09-13,08:26:16,1,51.4678032,-0.9819698,42.6,0.00,51.6,14,0.8,0,30,-0.3442,0.9148,-0.3750,13.95,2.17,3.45,1.0544,14.54,25.0,44
2026-09-13T08:26:17Z,1009105,2026-09-13,08:26:17,1,51.4678032,-0.9819700,42.6,0.00,51.6,14,0.8,0,30,-0.3625,0.8994,-0.3730,11.03,4.17,1.27,1.0483,14.39,25.0,44
2026-09-13T08:26:18Z,1010105,2026-09-13,08:26:18,1,51.4678033,-0.9819697,42.6,0.00,51.6,14,0.8,0,30,-0.3247,0.9858,-0.3418,5.63,7.50,5.52,1.1200,13.40,25.0,44
2026-09-13T08:26:19Z,1011105,2026-09-13,08:26:19,1,51.4678032,-0.9819690,42.7,0.00,51.6,14,0.8,0,30,-0.2861,0.9170,-0.3699,7.59,5.88,0.35,1.2291,33.19,25.0,44
2026-09-13T08:26:20Z,1012105,2026-09-13,08:26:20,1,51.4678032,-0.9819688,42.7,0.00,51.6,14,0.8,0,30,-0.2844,0.9333,-0.3638,11.53,4.20,1.98,1.0700,13.12,25.0,44
2026-09-13T08:26:21Z,1013105,2026-09-13,08:26:21,1,51.4678032,-0.9819682,42.7,0.00,51.6,14,0.8,0,30,-0.2656,0.9375,-0.3660,14.75,1.26,-1.31,1.0683,15.60,25.0,44
2026-09-13T08:26:22Z,1014115,2026-09-13,08:26:22,1,51.4678032,-0.9819677,42.7,0.00,51.6,14,0.8,0,30,-0.3381,0.9143,-0.3970,7.54,5.62,-0.05,1.0545,14.72,25.0,44
2026-09-13T08:26:23Z,1015114,2026-09-13,08:26:23,1,51.4678032,-0.9819670,42.7,0.00,51.6,14,0.8,0,30,-0.3010,0.9475,-0.3704,9.04,-1.42,2.76,1.0609,11.49,25.0,44
2026-09-13T08:26:24Z,1016114,2026-09-13,08:26:24,1,51.4678030,-0.9819662,42.7,0.00,51.6,14,0.8,0,30,-0.2837,0.9421,-0.3816,14.39,1.82,0.28,1.0633,14.51,25.1,44
2026-09-13T08:26:25Z,1017114,2026-09-13,08:26:25,1,51.4678028,-0.9819655,42.7,0.00,51.6,14,0.8,0,30,-0.3206,0.9175,-0.3762,13.68,-2.20,0.33,1.0579,16.54,25.0,44
2026-09-13T08:26:26Z,1018114,2026-09-13,08:26:26,1,51.4678025,-0.9819648,42.7,0.00,51.6,14,0.8,0,30,-0.3279,0.9106,-0.3945,9.07,4.26,-2.10,1.0602,16.20,25.1,44
2026-09-13T08:26:27Z,1019114,2026-09-13,08:26:27,1,51.4678022,-0.9819643,42.7,0.00,51.6,14,0.8,0,30,-0.2930,0.9216,-0.4026,10.73,4.13,2.05,1.0565,12.57,25.1,44
2026-09-13T08:26:28Z,1020114,2026-09-13,08:26:28,1,51.4678020,-0.9819638,42.7,0.00,51.6,14,0.8,0,30,-0.3118,0.9233,-0.3936,10.67,2.25,1.01,1.0579,13.91,25.1,44
2026-09-13T08:26:29Z,1021114,2026-09-13,08:26:29,1,51.4678018,-0.9819635,42.6,0.00,51.6,14,0.8,0,30,-0.3140,0.9189,-0.3977,11.57,2.09,0.11,1.0512,12.42,25.1,44
2026-09-13T08:26:30Z,1022114,2026-09-13,08:26:30,1,51.4678015,-0.9819630,42.6,0.00,51.6,14,0.8,0,30,-0.3154,0.9138,-0.4067,9.66,3.00,-0.12,1.0536,12.98,25.1,44
2026-09-13T08:26:31Z,1023114,2026-09-13,08:26:31,1,51.4678013,-0.9819627,42.6,0.00,51.6,14,0.8,0,30,-0.3130,0.9072,-0.4128,13.16,5.72,1.16,1.0703,14.57,25.1,44
2026-09-13T08:26:32Z,1024114,2026-09-13,08:26:32,1,51.4678008,-0.9819622,42.6,0.00,51.6,14,0.8,0,30,-0.3037,0.9043,-0.4194,11.94,1.72,-0.60,1.0571,14.33,25.1,44
2026-09-13T08:26:33Z,1025114,2026-09-13,08:26:33,1,51.4678005,-0.9819618,42.6,0.00,51.6,14,0.8,0,30,-0.3525,0.8877,-0.4355,-6.05,51.28,5.54,1.1679,51.93,25.2,44
2026-09-13T08:26:34Z,1026114,2026-09-13,08:26:34,1,51.4678002,-0.9819613,42.6,0.00,51.6,14,0.8,0,30,-0.3289,0.9070,-0.5137,-22.73,73.57,-49.28,1.1122,107.49,25.2,44
2026-09-13T08:26:35Z,1027114,2026-09-13,08:26:35,1,51.4677998,-0.9819612,42.6,0.00,51.6,14,0.8,0,30,-0.1865,0.9905,-0.0435,19.99,54.23,-23.56,1.3902,107.80,25.2,44
2026-09-13T08:26:36Z,1028114,2026-09-13,08:26:36,1,51.4677970,-0.9819453,42.5,0.00,51.6,14,0.8,0,30,-0.1006,0.8848,-0.1970,29.26,-2.43,-3.55,1.6052,46.44,25.2,44
