ms,utc_date,utc_time,fix,lat,lon,alt_m,speed_kmh,course_deg,sats,hdop,batt_mv,tx_seq,ax_g,ay_g,az_g,gx_dps,gy_dps,gz_dps,accel_mag_max_g,gyro_mag_max_dps,imu_temp_c,imu_samples
4315,0000-00-00,00:00:00,0,0.0000000,0.0000000,0.0,0.00,0.0,0,0.0,0,0,0.0000,0.0000,0.0000,0.00,0.00,0.00,0.0000,0.00,0.0,1
5315,2000-00-00,00:00:00,0,0.0000000,0.0000000,0.0,0.00,0.0,0,25.5,0,1,-0.0476,-0.3428,1.0178,-64.23,-31.73,105.85,1.4465,175.77,23.8,38
6316,2000-00-00,00:00:00,0,0.0000000,0.0000000,0.0,0.00,0.0,0,25.5,0,1,-0.2593,0.1389,0.9548,1.39,6.02,2.63,1.5007,118.23,23.9,49
7316,2000-00-00,00:00:00,0,0.0000000,0.0000000,0.0,0.00,0.0,0,25.5,0,1,-0.2412,0.1494,0.8381,10.83,26.31,-30.70,1.2657,55.01,24.0,48
8316,2000-00-00,00:00:00,0,0.0000000,0.0000000,0.0,0.00,0.0,0,25.5,0,1,-0.1797,0.3542,0.8987,21.73,-2.16,-9.09,1.2525,59.44,24.0,49
9316,2000-00-00,00:00:00,0,0.0000000,0.0000000,0.0,0.00,0.0,0,25.5,0,1,-0.3135,0.1799,0.9763,31.10,-3.97,-19.67,1.3871,75.32,24.0,49
10316,2000-00-00,00:00:00,0,0.0000000,0.0000000,0.0,0.00,0.0,0,25.5,0,1,-0.2612,0.1240,0.7515,31.41,-12.37,29.23,1.3580,69.61,24.1,49
11316,2000-00-00,00:00:00,0,0.0000000,0.0000000,0.0,0.00,0.0,0,25.5,0,1,-0.5183,0.1826,1.1111,-56.45,5.82,20.00,1.4115,60.17,24.1,48
12316,2000-00-00,00:00:00,0,0.0000000,0.0000000,0.0,0.00,0.0,0,25.5,0,1,-0.2629,0.0505,0.9412,-8.58,19.20,13.11,1.4439,66.20,24.1,49
13316,2000-00-00,00:00:00,0,0.0000000,0.0000000,0.0,0.00,0.0,0,25.5,0,1,-0.1035,-0.0291,0.8413,0.88,-2.11,-6.64,1.2498,112.99,24.2,49
14316,2000-00-00,00:00:00,0,0.0000000,0.0000000,0.0,0.00,0.0,0,25.5,0,1,-0.4072,-0.2466,0.9558,4.41,71.01,-55.05,1.2568,92.66,24.2,49
15316,2000-00-00,00:00:00,0,0.0000000,0.0000000,0.0,0.00,0.0,0,25.5,0,1,0.1301,-0.1040,1.7344,-82.07,-4.63,33.91,1.7424,103.50,24.2,48
16316,2000-00-00,00:00:00,0,0.0000000,0.0000000,0.0,0.00,0.0,0,25.5,0,1,-0.1929,0.0940,0.9048,5.54,15.62,32.93,1.4030,54.79,24.3,49
17316,2000-00-00,00:00:00,0,0.0000000,0.0000000,0.0,0.00,0.0,0,25.5,0,1,-0.1833,0.1702,1.1167,-7.60,-25.18,6.01,1.3600,92.06,24.3,49
18316,2000-00-00,00:00:00,0,0.0000000,0.0000000,0.0,0.00,0.0,0,25.5,0,1,-0.2744,0.1399,0.7563,8.18,4.88,9.39,1.1852,42.14,24.2,49
19316,2000-00-00,00:00:00,0,0.0000000,0.0000000,0.0,0.00,0.0,0,25.5,0,1,-0.2471,0.2754,0.7705,31.55,-19.95,18.26,1.2939,102.32,24.3,48
20316,2000-00-00,00:00:00,0,0.0000000,0.0000000,0.0,0.00,0.0,0,25.5,0,1,-0.2383,0.1321,0.8933,5.33,25.79,-25.95,1.7051,83.12,24.3,49
21316,2000-00-00,00:00:00,0,0.0000000,0.0000000,0.0,0.00,0.0,0,25.5,0,1,-0.1453,0.2727,0.6304,3.37,13.54,-29.02,1.3185,63.29,24.5,49
22316,2000-00-00,00:00:00,0,0.0000000,0.0000000,0.0,0.00,0.0,0,25.5,0,1,-0.2573,-0.0266,0.8921,12.33,-26.82,25.27,1.3455,121.49,24.5,48
23316,2000-00-00,00:00:00,0,0.0000000,0.0000000,0.0,0.00,0.0,0,25.5,0,1,-0.4124,-0.0029,0.7090,-30.70,11.31,-11.86,1.4223,75.81,24.8,49
24316,2000-00-00,00:00:00,0,0.0000000,0.0000000,0.0,0.00,0.0,0,25.5,0,1,-0.3098,-0.1194,0.8953,-6.30,-11.52,33.26,1.4011,79.74,25.0,49
25316,2000-00-00,00:00:00,0,0.0000000,0.0000000,0.0,0.00,0.0,0,25.5,0,1,-0.0605,-0.0376,0.8706,20.88,35.12,8.11,1.6745,111.28,25.2,49
26316,2000-00-00,00:00:00,0,0.0000000,0.0000000,0.0,0.00,0.0,0,25.5,0,1,-0.1975,-0.2173,1.5017,-18.20,-7.27,-10.66,1.5301,71.64,25.3,48
27316,2000-00-00,00:00:00,0,0.0000000,0.0000000,0.0,0.00,0.0,0,25.5,0,1,-0.3057,0.1560,0.9175,14.26,5.70,-10.65,1.2791,81.53,25.2,49
28316,2000-00-00,00:00:00,0,0.0000000,0.0000000,0.0,0.00,0.0,0,25.5,0,1,-0.5779,0.0400,0.9858,-42.85,-2.20,27.27,1.3995,80.55,25.1,49
29316,2000-00-00,00:00:00,0,0.0000000,0.0000000,0.0,0.00,0.0,0,25.5,0,1,-0.2200,-0.0222,0.6545,5.46,8.84,7.59,1.6585,79.50,25.1,49
30316,2000-00-00,00:00:00,0,0.0000000,0.0000000,0.0,0.00,0.0,0,25.5,0,1,-0.1985,-0.0837,0.9666,16.20,-7.74,-22.48,1.4592,98.46,25.1,48
31316,2000-00-00,00:00:00,0,0.0000000,0.0000000,0.0,0.00,0.0,0,25.5,0,1,-0.0752,-0.1504,0.9182,9.39,-31.35,30.06,1.5646,135.51,25.1,49
32316,2000-00-00,00:00:00,0,0.0000000,0.0000000,0.0,0.00,0.0,0,25.5,0,1,-0.1038,-0.1868,0.8904,-22.10,-39.30,106.83,1.2621,115.96,25.1,49
33316,2000-00-00,00:00:00,0,0.0000000,0.0000000,0.0,0.00,0.0,0,25.5,0,1,0.1118,-0.2781,0.8640,-26.71,-38.10,29.52,1.2404,199.16,25.1,49
34316,2000-00-00,00:00:00,0,0.0000000,0.0000000,0.0,0.00,0.0,0,25.5,0,1,0.0242,-0.4099,1.0774,9.43,9.68,35.63,1.1942,78.99,25.1,48
35316,2000-00-00,00:00:00,0,0.0000000,0.0000000,0.0,0.00,0.0,0,25.5,0,2,-0.1621,0.0010,1.0020,17.31,29.80,64.21,1.3479,82.02,25.1,38
36316,2000-00-00,00:00:00,0,0.0000000,0.0000000,0.0,0.00,0.0,0,25.5,0,2,-0.7488,0.2415,1.1584,37.07,26.66,-27.97,1.4345,164.64,25.1,49
37316,2000-00-00,00:00:00,0,0.0000000,0.0000000,0.0,0.00,0.0,0,25.5,0,2,-0.8301,0.4229,0.0984,17.56,-13.30,-19.83,1.4882,150.15,25.1,49
38316,2000-00-00,00:00:00,0,0.0000000,0.0000000,0.0,0.00,0.0,0,25.5,0,2,-0.8672,0.4648,0.1079,7.62,-3.44,-5.53,1.3915,70.57,25.0,48
39316,2000-00-00,00:00:00,0,0.0000000,0.0000000,0.0,0.00,0.0,0,25.5,0,2,-1.0088,0.5356,0.1855,2.48,-4.05,7.32,1.1917,37.22,25.1,49
40316,2000-00-00,00:00:00,0,0.0000000,0.0000000,0.0,0.00,0.0,0,25.5,0,2,-0.8647,0.5549,0.0483,8.20,3.42,-10.00,1.0797,28.88,25.1,49
41316,2000-00-00,00:00:00,0,0.0000000,0.0000000,0.0,0.00,0.0,0,25.5,0,2,-0.8591,0.5159,0.1304,6.38,-3.52,7.38,1.0450,17.13,25.1,49
42316,2000-00-00,00:00:00,0,0.0000000,0.0000000,0.0,0.00,0.0,0,25.5,0,2,-0.8413,0.5381,0.1294,2.92,2.55,-10.93,1.0447,16.16,25.1,48
43316,2000-00-00,15:24:49,0,0.0000000,0.0000000,0.0,0.00,0.0,0,25.5,0,2,-0.8579,0.5515,0.1162,9.45,-1.40,9.20,1.0377,13.26,25.1,49
44316,2000-00-00,15:24:51,0,0.0000000,0.0000000,0.0,0.00,0.0,0,25.5,0,2,-0.8494,0.5564,0.1125,6.37,0.88,-6.91,1.0429,12.83,25.2,49
45316,2000-00-00,15:24:52,0,0.0000000,0.0000000,0.0,0.00,0.0,0,25.5,0,2,-0.8623,0.5435,0.1038,7.85,-1.14,8.61,1.0464,13.33,25.2,48
46316,2000-00-00,15:24:53,0,0.0000000,0.0000000,0.0,0.00,0.0,0,25.5,0,2,-0.8403,0.5430,0.1057,6.16,0.81,-8.80,1.0383,12.80,25.2,49
47316,2000-00-00,15:24:54,0,0.0000000,0.0000000,0.0,0.00,0.0,0,25.5,0,2,-0.8474,0.5288,0.1160,6.64,-2.63,8.80,1.0505,11.81,25.2,49
48316,2000-00-00,15:24:55,0,0.0000000,0.0000000,0.0,0.00,0.0,0,25.5,0,2,-0.8435,0.5361,0.1067,5.77,1.11,-7.95,1.0360,11.76,25.2,49
49316,2000-00-00,15:24:56,0,0.0000000,0.0000000,0.0,0.00,0.0,0,25.5,0,2,-0.8557,0.5371,0.1104,6.05,-1.21,6.58,1.0512,10.87,25.2,48
50316,2000-00-00,15:24:57,0,0.0000000,0.0000000,0.0,0.00,0.0,0,25.5,0,2,-0.8608,0.5430,0.1189,4.22,2.05,-8.05,1.0464,12.68,25.3,49
51316,2000-00-00,15:24:58,0,0.0000000,0.0000000,0.0,0.00,0.0,0,25.5,0,2,-0.5103,0.8267,0.2322,2.85,21.76,35.34,1.1473,79.51,25.3,49
52316,2000-00-00,15:24:59,0,0.0000000,0.0000000,0.0,0.00,0.0,0,25.5,0,2,-0.4568,1.0012,-0.0894,-5.67,9.13,-5.98,1.1239,41.20,25.3,49
53316,2000-00-00,15:25:00,0,0.0000000,0.0000000,0.0,0.00,0.0,0,25.5,0,2,-0.4487,0.9709,0.1050,19.85,-16.48,9.42,1.1397,58.57,25.4,48
54316,2000-00-00,15:25:01,0,0.0000000,0.0000000,0.0,0.00,0.0,0,25.5,0,2,0.0269,1.0327,-0.0701,-1.40,-19.83,3.95,1.2840,92.70,25.3,49
55316,2000-00-00,15:25:02,0,0.0000000,0.0000000,0.0,0.00,0.0,0,25.5,0,2,-0.2554,1.0022,-0.0134,-8.52,-13.52,-12.96,1.1619,56.44,25.4,49
56316,2000-00-00,15:25:03,0,0.0000000,0.0000000,0.0,0.00,0.0,0,25.5,0,2,-0.2861,1.0359,-0.1155,12.74,8.16,-6.90,1.1158,22.12,25.3,49
57316,2000-00-00,15:25:04,0,0.0000000,0.0000000,0.0,0.00,0.0,0,25.5,0,2,-0.2837,1.0303,-0.1450,5.77,-1.49,6.76,1.0935,14.73,25.3,48
58316,2000-00-00,15:25:05,0,0.0000000,0.0000000,0.0,0.00,0.0,0,25.5,0,2,-0.2732,1.0327,-0.1025,10.88,-0.77,-4.47,1.0887,12.63,25.4,49
59316,2000-00-00,15:25:06,0,0.0000000,0.0000000,0.0,0.00,0.0,0,25.5,0,2,-0.2903,1.0332,-0.1199,-0.78,-3.85,6.74,1.0953,15.13,25.4,49
60316,2000-00-00,15:25:07,0,0.0000000,0.0000000,0.0,0.00,0.0,0,25.5,0,2,-0.2656,1.0366,-0.1145,10.16,-1.61,-4.62,1.0937,12.67,25.4,49
61316,2000-00-00,15:25:08,0,0.0000000,0.0000000,0.0,0.00,0.0,0,25.5,0,2,-0.2834,1.0237,-0.1213,-0.83,-3.87,5.63,1.0936,13.98,25.4,48
62316,2000-00-00,15:25:09,0,0.0000000,0.0000000,0.0,0.00,0.0,0,25.5,0,2,-0.2888,1.0342,-0.0774,12.32,0.62,-5.30,1.0936,13.43,25.4,49
63316,2000-00-00,15:25:10,0,0.0000000,0.0000000,0.0,0.00,0.0,0,25.5,0,2,-0.2859,1.0247,-0.0750,5.90,-2.12,5.62,1.0836,14.04,25.3,49
64316,2000-00-00,15:25:11,0,0.0000000,0.0000000,0.0,0.00,0.0,0,25.5,0,2,-0.2874,1.0374,-0.1162,8.70,0.91,-5.27,1.0904,11.86,25.3,49
65316,2000-00-00,15:25:12,0,0.0000000,0.0000000,0.0,0.00,0.0,0,25.5,0,3,-0.2927,1.0283,-0.0989,5.14,-1.03,3.09,1.0843,14.34,25.3,38
66316,2000-00-00,15:25:13,0,0.0000000,0.0000000,0.0,0.00,0.0,0,25.5,0,3,-0.3030,1.0371,-0.0884,9.48,-1.59,-2.96,1.0934,13.92,25.3,49
67316,2000-00-00,15:25:14,0,0.0000000,0.0000000,0.0,0.00,0.0,0,25.5,0,3,-0.2798,1.0310,-0.1084,5.34,-0.53,5.69,1.0880,12.39,25.2,49
68316,2000-00-00,15:25:15,0,0.0000000,0.0000000,0.0,0.00,0.0,0,25.5,0,3,-0.2852,1.0344,-0.1182,8.83,0.70,-5.54,1.0891,11.56,25.3,49
69316,2000-00-00,15:25:16,0,0.0000000,0.0000000,0.0,0.00,0.0,0,25.5,0,3,-0.2854,1.0403,-0.1165,5.57,-1.06,5.82,1.0888,13.32,25.3,48
70316,2000-00-00,15:25:17,0,0.0000000,0.0000000,0.0,0.00,0.0,0,25.5,0,3,-0.2546,1.0374,-0.0737,9.45,0.37,-6.30,1.0858,11.37,25.3,49
71316,2000-00-00,15:25:18,0,0.0000000,0.0000000,0.0,0.00,0.0,0,25.5,0,3,-0.2573,1.0200,-0.0588,3.30,-2.57,5.95,1.0909,12.47,25.3,49
72316,2000-00-00,15:25:19,0,0.0000000,0.0000000,0.0,0.00,0.0,0,25.5,0,3,-0.2571,1.0386,-0.0618,7.32,-1.34,-2.74,1.0874,10.54,25.3,49
73316,2026-09-05,15:25:20,0,0.0000000,0.0000000,0.0,0.00,0.0,0,25.5,0,3,-0.2285,1.0435,-0.0435,3.86,-0.48,5.56,1.0888,10.27,25.3,48
74316,2026-09-05,15:25:21,0,0.0000000,0.0000000,0.0,0.00,0.0,0,25.5,0,3,-0.1663,1.0750,-0.0422,11.14,0.34,-4.48,1.0986,17.51,25.3,49
75316,2026-09-05,15:25:22,0,0.0000000,0.0000000,0.0,0.00,0.0,0,25.5,0,3,-0.1770,1.0623,-0.0005,5.79,0.41,4.09,1.0972,12.04,25.3,49
76316,2026-09-05,15:25:23,0,0.0000000,0.0000000,0.0,0.00,0.0,0,25.5,0,3,-0.0823,1.0757,0.0469,8.87,1.48,-3.58,1.1102,17.73,25.3,48
77316,2026-09-05,15:25:24,0,0.0000000,0.0000000,0.0,0.00,0.0,0,25.5,0,3,-0.0090,1.0752,0.0352,25.55,0.87,31.87,1.1105,40.85,25.3,49
78316,2026-09-05,15:25:25,0,0.0000000,0.0000000,0.0,0.00,0.0,0,25.5,0,3,0.0110,1.0764,0.1001,-6.64,2.63,-43.59,1.1199,55.17,25.3,49
79316,2026-09-05,15:25:26,0,0.0000000,0.0000000,0.0,0.00,0.0,0,25.5,0,3,-0.2209,1.0642,-0.0237,6.93,-1.25,2.48,1.1315,47.83,25.3,49
80316,2026-09-05,15:25:27,0,0.0000000,0.0000000,0.0,0.00,0.0,0,25.5,0,3,-0.2236,1.0618,-0.0337,8.84,-2.45,-1.21,1.0914,13.90,25.3,48
81316,2026-09-05,15:25:28,0,0.0000000,0.0000000,0.0,0.00,0.0,0,25.5,0,3,-0.2085,1.0542,-0.0681,7.98,0.98,3.55,1.0934,11.27,25.4,49
82316,2026-09-05,15:25:29,0,0.0000000,0.0000000,0.0,0.00,0.0,0,25.5,0,3,-0.2275,1.0537,-0.0481,7.78,3.06,1.05,1.0923,12.80,25.3,49
83316,2026-09-05,15:25:30,0,0.0000000,0.0000000,0.0,0.00,0.0,0,25.5,0,3,-0.1973,1.0557,-0.0134,7.33,1.77,2.28,1.0908,13.55,25.4,49
84316,2026-09-05,15:25:30,1,51.4708965,-0.9785163,81.5,0.00,0.0,7,1.1,0,3,-0.1963,1.0591,-0.0527,8.81,0.77,-4.52,1.0953,10.68,25.3,48
85316,2026-09-05,15:25:32,1,51.4708965,-0.9785157,81.3,0.11,0.0,7,1.1,0,3,-0.2039,1.0400,-0.0850,3.69,-3.48,8.60,1.0990,18.11,25.4,49
86316,2026-09-05,15:25:33,1,51.4708957,-0.9785140,81.0,0.19,0.0,7,1.1,0,3,-0.2344,1.0435,-0.0164,10.49,1.62,-7.36,1.1075,13.41,25.4,49
87316,2026-09-05,15:25:34,1,51.4708943,-0.9785123,80.6,0.13,0.0,7,1.1,0,3,-0.3027,1.0198,0.0276,7.34,-0.09,-6.66,1.1693,32.74,25.4,49
88316,2026-09-05,15:25:35,1,51.4708930,-0.9785115,80.3,0.06,0.0,7,1.1,0,3,-0.3335,1.0071,-0.1235,15.27,5.83,-5.14,1.1108,17.77,25.4,48
89316,2026-09-05,15:25:36,1,51.4708883,-0.9785003,79.5,0.09,0.0,7,1.1,0,3,-0.2976,1.0134,-0.1755,7.61,3.16,0.66,1.0978,18.28,25.3,49
90316,2026-09-05,15:25:37,1,51.4708842,-0.9784962,79.6,0.02,0.0,7,1.1,0,3,-0.3237,1.0032,-0.1694,9.77,2.54,-4.05,1.0836,11.63,25.3,49
91316,2026-09-05,15:25:38,1,51.4708802,-0.9784930,79.7,0.09,0.0,7,1.1,0,3,-0.2939,1.0063,-0.1621,8.45,0.27,3.34,1.0859,10.34,25.4,49
92316,2026-09-05,15:25:39,1,51.4708780,-0.9784913,79.9,0.20,0.0,7,1.1,0,3,-0.3047,1.0012,-0.1748,8.02,-1.05,-2.41,1.0889,12.03,25.4,48
93316,2026-09-05,15:25:40,1,51.4708758,-0.9784900,80.0,0.20,0.0,7,1.1,0,3,-0.3369,1.0176,-0.1296,7.42,-0.64,0.31,1.0835,10.76,25.4,49
94316,2026-09-05,15:25:41,1,51.4708742,-0.9784893,80.1,0.07,0.0,7,1.1,0,3,-0.3604,0.9902,-0.1226,9.20,0.67,-3.54,1.0873,12.23,25.4,49
95316,2026-09-05,15:25:42,1,51.4708725,-0.9784893,80.1,0.00,0.0,9,1.1,0,4,-0.3408,0.9958,-0.1292,3.44,-2.82,1.50,1.0841,11.69,25.4,39
96316,2026-09-05,15:25:43,1,51.4708710,-0.9784893,80.0,0.00,0.0,9,1.1,0,4,-0.3743,0.9924,-0.1831,7.88,2.27,-0.30,1.0832,12.10,25.4,48
97316,2026-09-05,15:25:44,1,51.4708693,-0.9784880,79.9,0.00,0.0,9,1.1,0,4,-0.3669,0.9854,-0.1689,6.92,1.27,0.27,1.0817,11.93,25.4,49
98316,2026-09-05,15:25:45,1,51.4708670,-0.9784857,79.8,0.00,0.0,9,1.1,0,4,-0.3496,0.9932,-0.1777,4.41,-4.59,1.05,1.0824,11.73,25.4,49
99316,2026-09-05,15:25:46,1,51.4708657,-0.9784820,79.7,0.00,0.0,9,1.1,0,4,-0.7122,0.7551,0.0957,10.46,-8.62,-1.24,1.2077,63.15,25.4,48
100316,2026-09-05,15:25:47,1,51.4708643,-0.9784790,79.7,0.00,0.0,9,1.1,0,4,-0.8904,0.7510,0.3547,60.02,5.85,26.33,1.4307,65.80,25.4,49
101316,2026-09-05,15:25:48,1,51.4708633,-0.9784778,79.6,0.00,0.0,9,1.1,0,4,-0.8545,0.4543,-0.2385,-2.49,-6.45,-1.41,1.2058,130.03,25.4,49
102316,2026-09-05,15:25:49,1,51.4708633,-0.9784765,79.4,0.00,0.0,9,1.1,0,4,-0.0205,1.2661,-0.6409,13.76,44.95,6.85,1.4214,169.48,25.4,49
103316,2026-09-05,15:25:50,1,51.4708630,-0.9784757,79.2,0.00,0.0,9,1.1,0,4,-0.3184,0.9619,-0.4614,4.28,6.51,-9.60,1.2361,30.78,25.4,48
104316,2026-09-05,15:25:51,1,51.4708633,-0.9784760,79.0,0.00,0.0,9,1.1,0,4,-0.3970,0.8989,-0.3450,-13.33,-6.71,0.16,1.1017,17.62,25.4,49
105316,2026-09-05,15:25:52,1,51.4708638,-0.9784760,78.8,0.00,0.0,9,1.1,0,4,-0.3967,0.9875,0.1206,21.10,1.87,-3.84,1.6744,214.28,25.4,49
106316,2026-09-05,15:25:53,1,51.4708643,-0.9784765,78.5,0.00,0.0,9,1.1,0,4,-0.4221,0.9829,-0.0701,34.77,3.75,2.69,1.0961,35.08,25.4,49
107316,2026-09-05,15:25:54,1,51.4708658,-0.9784768,78.3,0.00,0.0,9,1.1,0,4,-0.3728,0.9783,-0.2322,7.67,-0.07,-3.70,1.0759,36.40,25.4,48
108316,2026-09-05,15:25:55,1,51.4708657,-0.9784770,78.1,0.00,0.0,9,1.1,0,4,-0.4045,0.9468,-0.2117,7.05,-2.98,0.50,1.0726,12.52,25.4,49
109316,2026-09-05,15:25:56,1,51.4708655,-0.9784778,78.0,0.00,0.0,9,1.1,0,4,-0.4050,0.9470,-0.2249,9.22,-0.75,-0.30,1.0773,9.66,25.4,49
110316,2026-09-05,15:25:57,1,51.4708648,-0.9784780,77.9,0.00,0.0,9,1.1,0,4,-0.4185,0.9404,-0.2124,8.87,-1.58,1.48,1.0708,10.64,25.4,49
111316,2026-09-05,15:25:58,1,51.4708643,-0.9784783,77.8,0.00,0.0,9,1.1,0,4,-0.4109,0.9448,-0.2300,10.22,-1.59,-0.64,1.0695,10.43,25.4,48
112316,2026-09-05,15:25:59,1,51.4708640,-0.9784787,77.8,0.00,0.0,9,1.1,0,4,-0.4485,0.9312,-0.2271,6.05,-0.68,-0.02,1.0783,11.55,25.4,49
113316,2026-09-05,15:26:00,1,51.4708637,-0.9784788,77.7,0.00,0.0,9,1.1,0,4,-0.4265,0.9353,-0.2158,8.19,-3.16,-4.48,1.0691,9.86,25.4,49
114316,2026-09-05,15:26:01,1,51.4708633,-0.9784790,77.7,0.00,0.0,9,1.1,0,4,-0.4160,0.9265,-0.2432,6.09,-0.67,1.59,1.0718,11.65,25.4,49
115316,2026-09-05,15:26:02,1,51.4708630,-0.9784792,77.6,0.00,0.0,9,1.1,0,4,-0.4341,0.9331,-0.2263,11.28,-0.15,-2.24,1.0870,15.87,25.4,48
116316,2026-09-05,15:26:03,1,51.4708627,-0.9784793,77.6,0.00,0.0,9,1.1,0,4,-0.4358,0.9231,-0.2405,5.38,-1.35,1.40,1.0691,11.10,25.4,49
117316,2026-09-05,15:26:04,1,51.4708623,-0.9784795,77.6,0.00,0.0,9,1.1,0,4,-0.4336,0.9253,-0.2136,8.66,-0.20,-1.84,1.0748,9.82,25.4,49
118316,2026-09-05,15:26:05,1,51.4708622,-0.9784795,77.5,0.00,0.0,9,1.1,0,4,-0.4507,0.9233,-0.2134,6.49,-0.87,2.93,1.0666,9.93,25.4,48
119316,2026-09-05,15:26:06,1,51.4708618,-0.9784797,77.5,0.00,0.0,9,1.1,0,4,-0.4526,0.9238,-0.2043,8.74,-1.58,-1.27,1.0693,9.62,25.4,49
120316,2026-09-05,15:26:07,1,51.4708617,-0.9784798,77.5,0.00,0.0,9,1.1,0,4,-0.4766,0.9233,-0.2698,7.19,-0.24,2.54,1.0747,11.26,25.3,49
121316,2026-09-05,15:26:08,1,51.4708613,-0.9784798,77.4,0.00,0.0,9,1.1,0,4,-0.4673,0.9207,-0.2278,7.26,-0.03,-2.73,1.0667,10.18,25.3,49
122316,2026-09-05,15:26:09,1,51.4708612,-0.9784800,77.4,0.00,0.0,9,1.1,0,4,-0.4592,0.9160,-0.2097,4.91,-0.95,1.75,1.0698,9.38,25.3,48
123316,2026-09-05,15:26:10,1,51.4708610,-0.9784800,77.4,0.00,0.0,9,1.1,0,4,-0.4668,0.9143,-0.2170,9.10,-0.92,-2.41,1.0716,9.87,25.3,49
124316,2026-09-05,15:26:11,1,51.4708610,-0.9784800,77.3,0.00,0.0,10,1.0,0,4,-0.4978,0.9038,-0.2234,5.92,-0.16,1.89,1.0717,9.41,25.3,49
125430,2026-09-05,15:26:12,1,51.4708608,-0.9784802,77.3,0.00,0.0,10,1.0,0,5,-0.4968,0.9021,-0.2004,9.47,-3.73,2.95,1.0653,10.60,25.3,44
126430,2026-09-05,15:26:13,1,51.4708612,-0.9784805,77.2,0.00,0.0,10,1.0,0,5,-0.4565,0.9065,-0.2810,9.70,4.68,2.93,1.1476,17.96,25.3,48
127430,2026-09-05,15:26:14,1,51.4708615,-0.9784810,77.2,0.00,0.0,10,1.0,0,5,-0.4958,0.8486,-0.2739,7.19,1.93,3.16,1.1079,22.64,25.3,49
128430,2026-09-05,15:26:15,1,51.4708618,-0.9784815,77.1,0.00,0.0,10,1.0,0,5,-0.5364,0.9282,-0.1648,8.24,1.01,-3.23,1.0901,22.49,25.3,49
129430,2026-09-05,15:26:16,1,51.4708618,-0.9784820,77.0,0.00,0.0,10,1.0,0,5,-0.5476,0.8379,-0.3030,16.21,2.59,-3.98,1.0889,32.22,25.3,49
130430,2026-09-05,15:26:17,1,51.4708617,-0.9784823,77.0,0.00,0.0,10,1.0,0,5,-0.4614,0.9338,-0.2441,6.54,0.62,27.78,1.1405,28.93,25.3,48
131430,2026-09-05,15:26:18,1,51.4708613,-0.9784827,76.9,0.00,0.0,10,1.0,0,5,-0.5291,0.9382,-0.0447,12.62,-6.13,2.41,1.1296,42.74,25.3,49
132430,2026-09-05,15:26:19,1,51.4708610,-0.9784830,76.8,0.00,0.0,10,1.0,0,5,-0.4358,0.9578,-0.1929,1.37,-0.46,9.02,1.0948,29.98,25.2,49
133430,2026-09-05,15:26:20,1,51.4708603,-0.9784833,76.7,0.00,0.0,10,1.0,0,5,-0.5005,0.8926,-0.2407,12.27,-1.77,-6.88,1.0878,29.84,25.3,48
134430,2026-09-05,15:26:21,1,51.4708598,-0.9784837,76.6,0.00,0.0,10,1.0,0,5,-0.4575,0.9438,-0.1797,2.10,-0.95,10.95,1.0768,19.33,25.2,49
135430,2026-09-05,15:26:22,1,51.4708598,-0.9784842,76.6,0.00,0.0,10,1.0,0,5,-0.5374,0.8835,-0.2327,11.62,1.23,-10.33,1.0832,26.73,25.2,49
136430,2026-09-05,15:26:23,1,51.4708595,-0.9784845,76.5,0.00,0.0,10,1.0,0,5,-0.5027,0.9226,-0.1694,0.83,1.18,9.60,1.0798,17.45,25.2,49
137430,2026-09-05,15:26:24,1,51.4708590,-0.9784850,76.4,0.00,0.0,10,1.0,0,5,-0.5178,0.8884,-0.2095,13.71,0.45,-11.52,1.0884,24.13,25.3,48
138430,2026-09-05,15:26:25,1,51.4708583,-0.9784855,76.3,0.00,0.0,10,1.0,0,5,-0.4529,0.9243,-0.1890,0.31,-1.61,11.42,1.0739,16.15,25.2,49
139430,2026-09-05,15:26:26,1,51.4708577,-0.9784857,76.3,0.00,0.0,10,1.0,0,5,-0.4836,0.8923,-0.2068,11.26,3.18,-11.20,1.0834,24.60,25.2,49
140430,2026-09-05,15:26:27,1,51.4708572,-0.9784860,76.2,0.00,0.0,10,1.0,0,5,-0.4614,0.9299,-0.2100,2.91,-1.52,12.11,1.0725,17.95,25.2,49
141430,2026-09-05,15:26:28,1,51.4708567,-0.9784862,76.2,0.00,0.0,10,1.0,0,5,-0.4846,0.8979,-0.1929,13.64,0.44,-9.88,1.0816,21.64,25.2,48
142430,2026-09-05,15:26:29,1,51.4708562,-0.9784863,76.1,0.00,0.0,10,1.0,0,5,-0.4712,0.9355,-0.2163,0.75,-2.12,10.18,1.0696,15.55,25.2,49
143430,2026-09-05,15:26:30,1,51.4708557,-0.9784867,76.1,0.00,0.0,10,1.0,0,5,-0.4785,0.9004,-0.2188,12.49,0.59,-10.62,1.0816,18.82,25.2,49
144430,2026-09-05,15:26:31,1,51.4708550,-0.9784872,76.0,0.00,0.0,11,1.0,0,5,-0.4626,0.9282,-0.1968,1.50,-0.48,8.44,1.0649,15.08,25.2,49
145430,2026-09-05,15:26:32,1,51.4708542,-0.9784877,75.9,0.00,0.0,11,1.0,0,5,-0.4729,0.9319,-0.2178,3.73,1.59,-11.34,1.0874,24.14,25.2,48
146430,2026-09-05,15:26:33,1,51.4708537,-0.9784883,75.8,0.00,0.0,11,1.0,0,5,0.1189,0.7273,0.7034,-54.88,26.47,-1.26,1.7389,279.37,25.2,49
147430,2026-09-05,15:26:34,1,51.4708530,-0.9784888,75.7,0.00,0.0,11,1.0,0,5,-0.3611,0.9829,0.2751,105.11,28.39,3.72,1.5021,136.20,25.2,49
148430,2026-09-05,15:26:35,1,51.4708528,-0.9784897,75.6,0.00,0.0,11,1.0,0,5,-0.0029,0.7820,0.8088,-34.79,-70.02,-71.67,1.5007,202.84,25.2,48
149430,2026-09-05,15:26:36,1,51.4708525,-0.9784902,75.6,0.00,0.0,11,1.0,0,5,-0.2229,0.8831,0.5725,11.18,2.73,2.94,1.6284,126.90,25.2,49
150430,2026-09-05,15:26:37,1,51.4708525,-0.9784908,75.5,0.00,0.0,11,1.0,0,5,-0.1370,0.8801,0.6174,-2.78,-10.84,-0.48,1.1045,33.13,25.2,49
151430,2026-09-05,15:26:38,1,51.4708525,-0.9784913,75.5,0.00,0.0,11,1.0,0,5,-0.1360,0.8728,0.6282,18.40,3.49,0.57,1.1247,19.75,25.3,49
152430,2026-09-05,15:26:39,1,51.4708525,-0.9784920,75.4,0.00,0.0,11,1.0,0,5,-0.1033,0.8875,0.6230,0.12,-2.45,1.46,1.1035,19.96,25.2,48
153430,2026-09-05,15:26:40,1,51.4708522,-0.9784923,75.4,0.00,0.0,11,1.0,0,5,-0.1123,0.8806,0.6030,18.81,2.60,-1.55,1.1183,21.58,25.2,49
154430,2026-09-05,15:26:41,1,51.4708520,-0.9784927,75.3,0.00,0.0,11,1.0,0,5,-0.0923,0.8975,0.5925,-1.02,-2.88,1.41,1.0941,18.81,25.1,49
155644,2026-09-05,15:26:42,1,51.4708520,-0.9784932,75.3,0.00,0.0,11,1.0,0,6,-0.1157,0.8945,0.5706,15.07,2.33,0.57,1.1139,19.11,25.1,49
156643,2026-09-05,15:26:43,1,51.4708517,-0.9784937,75.3,0.00,0.0,11,1.0,0,6,-0.0874,0.9099,0.6096,4.05,-1.84,0.79,1.1044,11.96,25.0,48
157643,2026-09-05,15:26:44,1,51.4708515,-0.9784942,75.3,0.00,0.0,11,1.0,0,6,-0.1257,0.9009,0.5332,16.00,2.88,-0.88,1.1117,17.66,25.0,49
158643,2026-09-05,15:26:45,1,51.4708513,-0.9784947,75.3,0.00,0.0,11,1.0,0,6,-0.1199,0.9163,0.5942,2.54,-0.55,-0.72,1.1017,11.48,24.9,49
159643,2026-09-05,15:26:46,1,51.4708512,-0.9784952,75.2,0.00,0.0,11,1.0,0,6,-0.1199,0.9001,0.5508,11.43,3.72,-1.07,1.1116,19.23,24.9,49
160643,2026-09-05,15:26:47,1,51.4708510,-0.9784957,75.2,0.00,0.0,11,1.0,0,6,-0.1382,0.9158,0.5962,2.54,-1.78,1.45,1.1014,13.77,24.8,48
161643,2026-09-05,15:26:48,1,51.4708508,-0.9784962,75.2,0.00,0.0,11,1.0,0,6,-0.0696,0.8950,0.6167,16.08,10.89,-3.43,1.1128,19.72,24.8,49
162643,2026-09-05,15:26:49,1,51.4708508,-0.9784967,75.1,0.00,0.0,11,1.0,0,6,-0.2739,0.9854,0.3821,28.66,26.68,-9.22,1.1088,41.67,24.8,49
163643,2026-09-05,15:26:50,1,51.4708507,-0.9784973,75.1,0.00,0.0,11,1.0,0,6,-0.2388,0.9900,0.2585,14.73,1.63,-1.10,1.1230,55.97,24.8,48
164643,2026-09-05,15:26:51,1,51.4708505,-0.9784980,75.1,0.00,0.0,11,1.0,0,6,-0.4009,1.0239,0.1375,10.12,-36.98,24.61,1.1134,45.55,24.8,49
165643,2026-09-05,15:26:52,1,51.4708505,-0.9784985,75.1,0.00,0.0,11,1.0,0,6,-0.2415,1.0061,0.2441,14.11,3.52,-2.06,1.1095,51.80,24.7,49
166643,2026-09-05,15:26:53,1,51.4708505,-0.9784990,75.1,0.00,0.0,11,1.0,0,6,-0.2659,1.0291,0.2429,5.82,-1.97,-1.18,1.0962,10.25,24.7,49
167643,2026-09-05,15:26:54,1,51.4708505,-0.9784993,75.0,0.00,0.0,11,1.0,0,6,-0.3005,1.0051,0.2141,11.80,-2.63,-0.50,1.0957,15.99,24.7,48
168643,2026-09-05,15:26:55,1,51.4708505,-0.9784997,75.0,0.00,0.0,11,1.0,0,6,-0.2830,1.0203,0.2659,4.51,-4.13,0.92,1.1245,14.89,24.7,49
169643,2026-09-05,15:26:56,1,51.4708507,-0.9785000,75.0,0.00,0.0,11,1.0,0,6,-0.2661,1.0093,0.2319,9.74,0.32,-3.37,1.1057,18.80,24.7,49
170643,2026-09-05,15:26:57,1,51.4708508,-0.9785005,74.9,0.00,0.0,11,1.0,0,6,-0.3088,1.0049,0.3191,1.50,-2.30,-0.29,1.0998,19.82,24.6,49
171643,2026-09-05,15:26:58,1,51.4708510,-0.9785007,74.9,0.00,0.0,11,1.0,0,6,-0.2349,1.1931,-0.0972,15.50,-58.52,-59.74,1.4332,273.04,24.6,48
172643,2026-09-05,15:26:59,1,51.4708510,-0.9785010,74.9,0.00,0.0,11,1.0,0,6,-0.6045,0.8718,-0.1436,13.83,-4.91,-2.45,1.3146,132.11,24.7,49
173643,2026-09-05,15:27:00,1,51.4708508,-0.9785012,74.8,0.00,0.0,11,1.0,0,6,-0.6060,0.8271,-0.1311,4.65,-0.46,-4.28,1.0634,17.38,24.7,49
174643,2026-09-05,15:27:01,1,51.4708510,-0.9785015,74.8,0.00,0.0,11,1.0,0,6,-0.6321,0.8372,-0.1172,11.55,-3.17,2.02,1.0645,15.64,24.7,49
175643,2026-09-05,15:27:02,1,51.4708508,-0.9785018,74.7,0.00,0.0,11,1.0,0,6,-0.6846,0.7603,-0.4104,22.21,-12.55,3.23,1.2605,187.22,24.8,48
176643,2026-09-05,15:27:03,1,51.4708557,-0.9785017,74.0,0.00,0.0,11,1.0,0,6,-0.9495,-0.3279,0.4873,42.48,122.39,-32.35,1.2962,266.95,24.7,49
177643,2026-09-05,15:27:04,1,51.4708592,-0.9784985,73.9,2.06,0.0,11,1.0,0,6,-0.9092,0.1555,-0.1694,8.52,-14.62,-17.26,1.1747,154.20,24.7,49
178643,2026-09-05,15:27:05,1,51.4708585,-0.9784988,73.9,1.24,0.0,11,1.0,0,6,-0.9377,0.0801,-0.2300,7.25,13.65,0.38,1.0090,57.34,24.7,48
179643,2026-09-05,15:27:06,1,51.4708583,-0.9784990,73.9,0.00,0.0,11,1.0,0,6,-0.9373,0.1240,-0.2991,9.12,-1.87,2.38,0.9916,20.00,24.7,49
180643,2026-09-05,15:27:07,1,51.4708578,-0.9784992,73.9,0.00,0.0,11,1.0,0,6,0.0996,-0.3633,0.1758,-256.00,-256.00,108.69,2.2673,386.69,24.7,49
181643,2026-09-05,15:27:08,1,51.4708575,-0.9784992,73.8,0.00,0.0,11,1.0,0,6,-0.8333,0.4136,-0.1409,19.17,-34.88,1.63,2.8294,394.02,24.7,49
182643,2026-09-05,15:27:09,1,51.4708587,-0.9785047,73.0,0.00,0.0,11,1.0,0,6,-0.8542,0.3606,-0.2847,12.52,5.53,-2.00,1.0491,30.24,24.8,48
183643,2026-09-05,15:27:10,1,51.4708583,-0.9785045,73.0,1.59,0.0,11,1.0,0,6,-0.7117,0.6157,0.0891,107.82,26.38,2.36,1.0138,111.03,24.7,49
184643,2026-09-05,15:27:11,1,51.4708582,-0.9785047,73.2,0.00,0.0,11,1.0,0,6,-0.1528,0.7820,-0.1685,255.99,116.66,26.16,2.4253,366.36,24.7,49
185855,2026-09-05,15:27:12,1,51.4708578,-0.9785047,73.2,0.00,0.0,11,1.0,0,7,-0.8899,0.2874,-0.2969,13.94,9.02,-3.54,1.3013,297.07,24.7,49
186854,2026-09-05,15:27:13,1,51.4708577,-0.9785045,73.2,0.00,0.0,11,1.0,0,7,-0.9026,0.2295,-0.3291,7.65,-0.15,-2.95,0.9991,17.69,24.7,48
187854,2026-09-05,15:27:14,1,51.4708573,-0.9785047,73.2,0.00,0.0,11,1.0,0,7,-0.9326,0.0989,-0.2764,9.07,-3.50,-2.64,0.9968,22.21,24.7,49
188854,2026-09-05,15:27:15,1,51.4708568,-0.9785050,73.2,0.00,0.0,11,1.0,0,7,-0.9180,0.0908,-0.2527,8.26,-4.41,-2.19,0.9779,11.58,24.7,49
189854,2026-09-05,15:27:16,1,51.4708562,-0.9785048,73.2,0.00,0.0,11,1.0,0,7,-0.9219,0.0383,-0.2683,9.66,9.24,2.04,0.9787,16.25,24.7,48
190854,2026-09-05,15:27:17,1,51.4708555,-0.9785048,73.1,0.00,0.0,11,1.0,0,7,-0.9133,0.0315,-0.2861,8.83,-1.34,-2.95,0.9776,14.89,24.7,49
191854,2026-09-05,15:27:18,1,51.4708548,-0.9785052,73.1,0.00,0.0,11,1.0,0,7,-0.9150,0.0247,-0.2854,4.45,3.11,-0.20,0.9715,11.70,24.7,49
192854,2026-09-05,15:27:19,1,51.4708545,-0.9785050,73.1,0.00,0.0,11,1.0,0,7,-0.9163,0.0083,-0.2949,7.84,3.73,-2.76,0.9674,9.59,24.8,49
193854,2026-09-05,15:27:20,1,51.4708542,-0.9785052,73.0,0.00,0.0,11,1.0,0,7,-0.9180,0.0100,-0.2781,7.30,1.23,1.99,0.9700,11.63,24.8,48
194854,2026-09-05,15:27:21,1,51.4708538,-0.9785053,73.0,0.00,0.0,11,1.0,0,7,-0.9133,0.0120,-0.2876,8.41,-2.34,-2.50,0.9623,11.84,24.8,49
195854,2026-09-05,15:27:22,1,51.4708537,-0.9785053,73.0,0.00,0.0,11,1.0,0,7,-0.9109,0.0334,-0.2544,7.29,3.41,-0.34,0.9714,12.91,24.9,49
196854,2026-09-05,15:27:23,1,51.4708533,-0.9785057,72.9,0.00,0.0,11,1.0,0,7,0.2043,-0.1543,1.0652,-15.59,-90.88,-43.98,1.1081,260.04,24.9,49
197854,2026-09-05,15:27:24,1,51.4708530,-0.9785058,72.9,0.00,0.0,11,1.0,0,7,-0.8938,-0.0859,-0.3074,10.19,17.56,-11.20,1.1155,275.04,24.9,48
198854,2026-09-05,15:27:25,1,51.4708528,-0.9785062,72.9,0.00,0.0,11,1.0,0,7,-0.7983,-0.2327,-0.4270,5.62,5.46,-6.80,0.9757,40.93,24.9,49
199854,2026-09-05,15:27:26,1,51.4708525,-0.9785067,72.9,0.00,0.0,11,1.0,0,7,-0.8354,-0.2051,-0.3889,8.00,4.97,-0.59,0.9626,30.22,24.9,49
200854,2026-09-05,15:27:27,1,51.4708520,-0.9785068,72.8,0.00,0.0,11,1.0,0,7,-0.8352,-0.1909,-0.3884,11.02,1.10,-2.35,0.9667,13.50,24.9,49
201854,2026-09-05,15:27:28,1,51.4708517,-0.9785072,72.8,0.00,0.0,11,1.0,0,7,-0.9021,0.0278,-0.2454,1.79,-18.63,0.34,1.0443,101.78,25.0,48
202854,2026-09-05,15:27:29,1,51.4708497,-0.9785015,73.3,1.61,0.0,11,1.0,0,7,-0.9182,-0.2646,-0.1030,39.35,8.61,20.37,0.9696,51.09,25.0,49
203854,2026-09-05,15:27:30,1,51.4708493,-0.9785023,73.1,0.00,0.0,11,1.0,0,7,-0.3638,1.0957,0.2043,-2.99,5.92,-42.48,1.2014,254.51,25.1,49
204854,2026-09-05,15:27:31,1,51.4708492,-0.9785027,73.0,0.00,0.0,11,1.0,0,7,0.7876,1.0625,0.7993,19.48,-79.66,28.78,2.5280,198.84,25.1,48
205854,2026-09-05,15:27:32,1,51.4708488,-0.9785030,73.0,0.00,0.0,11,1.0,0,7,0.3093,0.9590,0.4487,9.92,-1.01,0.64,1.1739,54.88,25.1,49
206854,2026-09-05,15:27:33,1,51.4708488,-0.9785032,72.9,0.00,0.0,11,1.0,0,7,0.2964,0.9636,0.4390,5.27,3.10,-0.10,1.1056,12.70,25.2,49
207854,2026-09-05,15:27:34,1,51.4708475,-0.9785058,72.0,0.78,0.0,11,1.0,0,7,0.2976,0.9534,0.4438,9.95,-0.05,0.06,1.1052,11.88,25.3,49
208854,2026-09-05,15:27:35,1,51.4708463,-0.9785073,71.2,0.78,0.0,11,1.0,0,7,0.3052,0.9573,0.4434,6.17,1.65,-0.38,1.1049,10.58,25.4,48
209854,2026-09-05,15:27:36,1,51.4708463,-0.9785075,71.2,0.00,0.0,11,1.0,0,7,0.3013,0.9612,0.4373,9.37,0.77,0.84,1.1051,11.54,25.4,49
210854,2026-09-05,15:27:37,1,51.4708463,-0.9785082,71.2,0.00,0.0,11,1.0,0,7,0.2954,0.9624,0.4546,6.70,-0.52,0.04,1.1046,9.99,25.5,49
211854,2026-09-05,15:27:38,1,51.4708462,-0.9785087,71.2,0.00,0.0,11,1.0,0,7,0.2915,0.9619,0.4482,9.75,-1.59,0.43,1.1066,11.06,25.6,49
212854,2026-09-05,15:27:39,1,51.4708457,-0.9785097,71.2,0.00,0.0,11,1.0,0,7,0.2932,0.9565,0.4580,6.60,-0.27,-0.34,1.1020,9.06,25.7,48
213854,2026-09-05,15:27:40,1,51.4708457,-0.9785098,71.2,0.00,0.0,11,1.0,0,7,0.2952,0.9558,0.4514,8.80,-0.14,0.72,1.1041,10.99,25.8,49
214854,2026-09-05,15:27:41,1,51.4708455,-0.9785100,71.1,0.00,0.0,11,1.0,0,7,0.2900,0.9517,0.4644,7.48,1.68,-0.09,1.1026,8.82,25.8,49
216067,2026-09-05,15:27:42,1,51.4708453,-0.9785105,71.1,0.00,0.0,11,1.0,0,8,0.2957,0.9543,0.4526,8.02,-0.42,0.13,1.1044,11.01,26.0,49
217067,2026-09-05,15:27:43,1,51.4708450,-0.9785112,71.0,0.00,0.0,11,1.0,0,8,0.2888,0.9531,0.4648,8.26,0.61,-0.02,1.1030,8.86,26.0,48
218067,2026-09-05,15:27:44,1,51.4708445,-0.9785120,71.0,0.00,0.0,11,1.0,0,8,0.2976,0.9482,0.4629,6.88,-0.27,0.16,1.1061,10.84,26.1,49
219067,2026-09-05,15:27:45,1,51.4708445,-0.9785127,71.0,0.00,0.0,11,1.0,0,8,0.2888,0.9536,0.4575,9.55,0.48,0.33,1.1051,10.06,26.1,49
220067,2026-09-05,15:27:46,1,51.4708443,-0.9785130,71.0,0.00,0.0,11,1.0,0,8,0.2922,0.9521,0.4656,7.02,0.12,0.94,1.1034,10.87,26.1,49
221067,2026-09-05,15:27:47,1,51.4708442,-0.9785135,71.0,0.00,0.0,11,1.0,0,8,0.2937,0.9504,0.4766,9.48,1.10,-0.98,1.1051,10.30,26.2,48
222067,2026-09-05,15:27:48,1,51.4708437,-0.9785140,71.0,0.00,0.0,10,1.0,0,8,0.2642,0.9563,0.4709,6.57,-1.35,0.53,1.1071,23.99,26.2,49
223067,2026-09-05,15:27:49,1,51.4708430,-0.9785142,71.0,0.00,0.0,10,1.0,0,8,0.2368,0.9414,0.5132,8.57,-0.57,-0.11,1.1052,30.53,26.3,49
224067,2026-09-05,15:27:50,1,51.4708422,-0.9785142,70.9,0.00,0.0,10,1.0,0,8,0.2388,0.9348,0.5105,3.62,11.71,5.16,1.1018,13.30,26.3,48
225067,2026-09-05,15:27:51,1,51.4708400,-0.9785147,69.8,0.57,0.0,10,1.0,0,8,0.2251,0.9255,0.5386,7.86,1.24,-1.48,1.1051,11.95,26.3,49
226067,2026-09-05,15:27:52,1,51.4708402,-0.9785182,69.5,1.31,0.0,10,1.0,0,8,0.2173,0.9346,0.5386,7.23,1.37,-1.12,1.1012,11.53,26.3,49
227067,2026-09-05,15:27:53,1,51.4708393,-0.9785192,69.5,0.00,0.0,10,1.0,0,8,0.2207,0.9302,0.5300,9.36,-0.09,1.18,1.1052,11.52,26.3,48
228067,2026-09-05,15:27:54,1,51.4708383,-0.9785200,69.6,0.00,0.0,10,1.0,0,8,0.2234,0.9285,0.5378,6.00,0.81,-0.18,1.1033,11.00,26.3,48
229067,2026-09-05,15:27:55,1,51.4708372,-0.9785203,69.6,0.00,0.0,10,1.0,0,8,0.2202,0.9238,0.5476,10.03,-2.38,0.87,1.1045,11.26,26.3,49
230067,2026-09-05,15:27:56,1,51.4708360,-0.9785205,69.6,0.00,0.0,10,1.0,0,8,0.2168,0.9312,0.5361,6.02,2.71,-0.64,1.1020,10.75,26.3,49
231067,2026-09-05,15:27:57,1,51.4708350,-0.9785208,69.6,0.00,0.0,10,1.0,0,8,0.2112,0.9351,0.5378,9.06,-1.27,0.78,1.1057,10.20,26.2,49
232067,2026-09-05,15:27:58,1,51.4708340,-0.9785210,69.6,0.00,0.0,11,1.0,0,8,0.2202,0.9302,0.5410,5.75,1.42,-0.93,1.1032,10.69,26.1,48
233067,2026-09-05,15:27:59,1,51.4708330,-0.9785208,69.6,0.00,0.0,11,1.0,0,8,-0.0566,1.0029,0.4001,-10.80,87.79,-5.52,1.1448,88.62,26.2,49
234067,2026-09-05,15:28:00,1,51.4708333,-0.9785222,70.5,0.46,0.0,11,1.0,0,8,-0.8547,0.7085,-0.0762,22.59,6.19,-30.15,1.1484,105.37,26.1,49
235067,2026-09-05,15:28:01,1,51.4708322,-0.9785227,71.0,0.35,0.0,11,1.0,0,8,-0.7393,0.6624,-0.1226,11.91,7.88,2.03,1.0964,48.15,26.1,49
236067,2026-09-05,15:28:02,1,51.4708295,-0.9785228,71.1,0.43,0.0,11,1.0,0,8,-0.8589,0.5681,-0.1233,8.25,4.85,0.77,1.0705,19.56,26.1,48
237067,2026-09-05,15:28:03,1,51.4708282,-0.9785238,70.9,0.00,0.0,11,1.0,0,8,-0.8450,0.5850,-0.1082,8.61,-0.05,0.17,1.0343,18.81,26.1,49
238067,2026-09-05,15:28:04,1,51.4708272,-0.9785252,70.8,0.00,0.0,11,1.0,0,8,-0.9438,0.4250,0.1462,10.23,-27.35,-22.48,1.0574,56.81,26.1,49
239067,2026-09-05,15:28:05,1,51.4708263,-0.9785265,70.8,0.00,0.0,11,1.0,0,8,-0.9646,0.2007,0.1174,20.21,-8.07,2.79,1.1204,31.35,26.1,49
240067,2026-09-05,15:28:06,1,51.4708258,-0.9785272,70.8,0.00,0.0,11,1.0,0,8,-0.9385,0.2163,0.1213,15.30,-5.59,3.95,1.0218,28.57,26.1,48
241067,2026-09-05,15:28:07,1,51.4708253,-0.9785283,70.8,0.00,0.0,11,1.0,0,8,-0.8704,0.3760,0.2366,-7.02,-20.07,36.09,1.0678,50.32,26.1,49
242067,2026-09-05,15:28:08,1,51.4708243,-0.9785297,70.7,0.00,0.0,11,1.0,0,8,-0.8391,0.5129,0.3274,4.96,4.23,1.42,1.0687,41.67,26.1,49
243067,2026-09-05,15:28:09,1,51.4708237,-0.9785305,70.7,0.00,0.0,11,1.0,0,8,-0.8127,0.4966,0.3606,1.25,3.84,3.48,1.0548,29.04,26.1,48
244067,2026-09-05,15:28:10,1,51.4708230,-0.9785312,70.7,0.00,0.0,11,1.0,0,8,-0.8220,0.5059,0.3726,6.54,0.38,-3.08,1.0428,14.51,26.1,49
245067,2026-09-05,15:28:11,1,51.4708223,-0.9785318,70.7,0.00,0.0,11,1.0,0,8,-0.8035,0.5146,0.3643,7.77,3.07,-0.38,1.0465,15.46,26.1,49
246067,2026-09-05,15:28:12,1,51.4708220,-0.9785322,70.7,0.00,0.0,11,1.0,0,8,-0.8127,0.5190,0.3235,5.80,2.05,-2.34,1.0475,11.24,26.1,49
247067,2026-09-05,15:28:13,1,51.4708215,-0.9785320,70.6,0.00,0.0,11,1.0,0,9,-0.7756,0.6218,0.3384,14.22,-4.69,10.02,1.0574,22.50,26.1,37
248067,2026-09-05,15:28:14,1,51.4708212,-0.9785317,70.6,0.00,0.0,11,1.0,0,9,-0.7546,0.5488,0.3252,14.73,0.62,4.96,1.0875,27.28,26.0,48
249067,2026-09-05,15:28:15,1,51.4708197,-0.9785323,70.6,0.00,0.0,11,1.0,0,9,-0.7998,0.5447,0.3235,6.77,4.23,1.64,1.0650,25.22,26.0,49
250067,2026-09-05,15:28:16,1,51.4708190,-0.9785323,70.5,0.00,0.0,11,1.0,0,9,-0.8179,0.5388,0.2927,5.50,3.59,-0.84,1.0418,11.43,26.0,49
251067,2026-09-05,15:28:17,1,51.4708183,-0.9785325,70.5,0.00,0.0,11,1.0,0,9,-0.8921,0.5374,0.0691,2.19,0.98,3.72,1.0575,51.14,26.0,48
252067,2026-09-05,15:28:18,1,51.4708178,-0.9785325,70.5,0.00,0.0,11,1.0,0,9,-0.8965,0.5063,0.0896,6.52,-2.62,-6.74,1.0864,25.27,25.9,49
253067,2026-09-05,15:28:19,1,51.4708172,-0.9785325,70.5,0.00,0.0,11,1.0,0,9,-0.8757,0.5710,0.0200,9.45,2.87,1.86,1.0523,19.46,25.8,49
254067,2026-09-05,15:28:20,1,51.4708167,-0.9785325,70.5,0.00,0.0,11,1.0,0,9,-0.7820,0.6406,-0.0156,7.62,0.27,-3.52,1.0513,18.19,25.9,49
255067,2026-09-05,15:28:21,1,51.4708158,-0.9785330,70.5,0.00,0.0,11,1.0,0,9,-0.8462,0.6062,-0.0051,6.95,0.19,-0.43,1.0409,12.11,25.8,48
256067,2026-09-05,15:28:22,1,51.4708150,-0.9785335,70.5,0.00,0.0,11,1.0,0,9,-0.8296,0.5940,0.0544,7.90,-1.72,-1.81,1.0404,13.37,25.9,49
257067,2026-09-05,15:28:23,1,51.4708147,-0.9785338,70.5,0.00,0.0,11,1.0,0,9,-0.8057,0.6216,0.0190,7.30,-4.50,-0.09,1.0472,11.92,25.9,49
258067,2026-09-05,15:28:24,1,51.4708140,-0.9785343,70.5,0.00,0.0,11,1.0,0,9,-0.8123,0.6152,0.0527,7.10,-1.94,-2.34,1.0410,13.32,25.9,48
259067,2026-09-05,15:28:25,1,51.4708133,-0.9785347,70.5,0.00,0.0,11,1.0,0,9,-0.8171,0.6072,0.0295,8.30,-4.14,0.89,1.0335,12.31,25.8,49
260067,2026-09-05,15:28:26,1,51.4708125,-0.9785350,70.6,0.00,0.0,11,1.0,0,9,-0.8271,0.6096,0.0334,8.05,-6.05,0.45,1.0390,10.98,25.8,49
261067,2026-09-05,15:28:27,1,51.4708120,-0.9785353,70.6,0.00,0.0,11,1.0,0,9,-0.8105,0.6040,0.0876,3.95,1.27,-1.30,1.0388,14.84,25.8,49
262067,2026-09-05,15:28:28,1,51.4708113,-0.9785357,70.5,0.00,0.0,11,1.0,0,9,-0.8308,0.6025,0.0786,6.09,1.12,-1.00,1.0333,11.21,25.8,48
263067,2026-09-05,15:28:29,1,51.4708105,-0.9785358,70.5,0.00,0.0,11,1.0,0,9,-0.8586,0.5554,0.0684,4.52,3.74,1.43,1.0576,16.64,25.7,49
264067,2026-09-05,15:28:30,1,51.4708097,-0.9785362,70.5,0.00,0.0,11,1.0,0,9,-0.8323,0.5835,0.0251,12.02,-0.43,-1.36,1.0477,13.29,25.7,49
265067,2026-09-05,15:28:31,1,51.4708088,-0.9785365,70.5,0.00,0.0,11,1.0,0,9,-0.8372,0.5840,0.0522,8.96,-0.47,-0.85,1.0399,12.20,25.7,49
266067,2026-09-05,15:28:32,1,51.4708082,-0.9785368,70.5,0.00,0.0,11,1.0,0,9,-0.8430,0.5889,0.0740,6.45,-0.47,0.06,1.0410,11.35,25.7,48
267067,2026-09-05,15:28:33,1,51.4708073,-0.9785375,70.5,0.00,0.0,11,1.0,0,9,-0.8171,0.6028,0.0447,6.80,3.43,1.77,1.0363,10.37,25.6,49
268067,2026-09-05,15:28:34,1,51.4708067,-0.9785378,70.4,0.00,0.0,11,1.0,0,9,-0.8481,0.5786,0.0774,6.29,0.00,-1.98,1.0309,10.12,25.7,49
269067,2026-09-05,15:28:35,1,51.4708060,-0.9785383,70.4,0.00,0.0,11,1.0,0,9,-0.8311,0.5896,0.0635,7.34,0.68,0.39,1.0345,9.94,25.7,49
270067,2026-09-05,15:28:36,1,51.4708055,-0.9785388,70.4,0.00,0.0,11,1.0,0,9,-0.8320,0.5881,0.0706,9.08,0.01,0.55,1.0365,9.95,25.7,48
271067,2026-09-05,15:28:37,1,51.4708048,-0.9785392,70.4,0.00,0.0,11,1.0,0,9,-0.8320,0.5886,0.0742,5.29,1.62,0.04,1.0331,10.02,25.7,49
272067,2026-09-05,15:28:38,1,51.4708043,-0.9785397,70.4,0.00,0.0,11,1.0,0,9,-0.8149,0.6021,0.0686,8.16,0.47,2.59,1.0424,12.61,25.7,49
273067,2026-09-05,15:28:39,1,51.4708038,-0.9785400,70.4,0.00,0.0,11,1.0,0,9,-0.8140,0.5928,0.0500,6.59,1.13,0.16,1.0396,10.60,25.7,49
274067,2026-09-05,15:28:40,1,51.4708032,-0.9785403,70.4,0.00,0.0,11,1.0,0,9,-0.7717,0.6646,0.0417,1.91,-3.59,-0.92,1.0547,11.30,25.6,48
275067,2026-09-05,15:28:41,1,51.4708027,-0.9785407,70.3,0.00,0.0,13,0.9,0,9,-0.7305,0.6667,0.0820,2.04,-8.59,-8.09,1.0729,34.50,25.7,49
276067,2026-09-05,15:28:42,1,51.4708020,-0.9785413,70.3,0.00,0.0,13,0.9,0,9,-0.7861,0.6858,-0.0103,12.72,-0.13,2.53,1.0605,37.22,25.7,49
277067,2026-09-05,15:28:43,1,51.4708015,-0.9785417,70.3,0.00,0.0,13,0.9,0,10,-0.7754,0.6626,-0.0024,9.09,1.38,0.34,1.0437,14.79,25.7,39
278067,2026-09-05,15:28:44,1,51.4708008,-0.9785418,70.3,0.00,0.0,13,0.9,0,10,-0.7996,0.6658,0.0073,10.16,-5.54,-0.29,1.0422,12.11,25.7,49
279067,2026-09-05,15:28:45,1,51.4708003,-0.9785422,70.3,0.00,0.0,13,0.9,0,10,-0.7805,0.6619,0.0298,7.91,0.30,-0.51,1.0494,14.72,25.7,49
280067,2026-09-05,15:28:46,1,51.4707998,-0.9785425,70.3,0.00,0.0,13,0.9,0,10,-0.8091,0.6472,0.0276,8.97,0.38,-0.16,1.0454,12.29,25.7,49
281067,2026-09-05,15:28:47,1,51.4707993,-0.9785428,70.3,0.00,0.0,13,0.9,0,10,-0.7957,0.6450,0.0337,8.84,-0.91,-0.74,1.0448,13.23,25.7,48
282067,2026-09-05,15:28:48,1,51.4707993,-0.9785433,70.3,0.00,0.0,13,0.9,0,10,-0.7954,0.6423,0.0330,8.97,1.68,0.03,1.0467,11.06,25.6,49
283067,2026-09-05,15:28:49,1,51.4707993,-0.9785438,70.3,0.00,0.0,13,0.9,0,10,-0.7998,0.6438,0.0469,10.66,1.01,0.24,1.0434,12.72,25.6,49
284067,2026-09-05,15:28:50,1,51.4707993,-0.9785443,70.3,0.00,0.0,13,0.9,0,10,-0.8035,0.6433,0.0586,9.66,2.38,0.55,1.0419,13.73,25.6,49
285067,2026-09-05,15:28:51,1,51.4707992,-0.9785445,70.3,0.00,0.0,13,0.9,0,10,-0.7930,0.6443,0.0610,10.61,0.16,-0.95,1.0426,11.90,25.5,48
286067,2026-09-05,15:28:52,1,51.4707990,-0.9785448,70.3,0.00,0.0,13,0.9,0,10,-0.8071,0.6396,0.0618,8.88,1.20,0.79,1.0413,11.92,25.5,49
287067,2026-09-05,15:28:53,1,51.4707987,-0.9785450,70.3,0.00,0.0,13,0.9,0,10,-0.7998,0.6382,0.0728,9.49,-2.81,-0.95,1.0437,12.92,25.6,49
288067,2026-09-05,15:28:54,1,51.4707985,-0.9785450,70.3,0.00,0.0,13,0.9,0,10,-0.7627,0.6406,0.0535,8.40,2.29,-1.46,1.0540,13.86,25.6,49
289067,2026-09-05,15:28:55,1,51.4707982,-0.9785450,70.3,0.00,0.0,13,0.9,0,10,-0.7861,0.6338,0.0503,10.73,-0.98,-0.72,1.0509,12.11,25.6,48
290067,2026-09-05,15:28:56,1,51.4707980,-0.9785448,70.3,0.00,0.0,13,0.9,0,10,-0.7849,0.6013,0.1101,12.55,0.00,-1.20,1.0537,13.20,25.6,49
291067,2026-09-05,15:28:57,1,51.4707978,-0.9785448,70.3,0.00,0.0,13,0.9,0,10,-0.8704,0.5547,0.0613,7.52,1.16,-1.11,1.0491,15.66,25.6,49
292067,2026-09-05,15:28:58,1,51.4707973,-0.9785452,70.3,0.00,0.0,13,0.9,0,10,-0.8074,0.6162,0.0913,9.75,2.38,1.37,1.0530,15.20,25.7,48
293067,2026-09-05,15:28:59,1,51.4707967,-0.9785452,70.3,0.00,0.0,13,0.9,0,10,-0.8230,0.6060,0.0847,10.06,-0.41,2.02,1.0389,10.91,25.7,49
294067,2026-09-05,15:29:00,1,51.4707962,-0.9785452,70.3,0.00,0.0,13,0.9,0,10,-0.8047,0.5945,0.0635,10.48,0.74,0.08,1.0412,12.04,25.7,49
295067,2026-09-05,15:29:01,1,51.4707955,-0.9785453,70.3,0.00,0.0,13,0.9,0,10,-0.8176,0.6108,0.0676,11.27,-0.45,-0.29,1.0419,11.32,25.7,49
296067,2026-09-05,15:29:02,1,51.4707952,-0.9785452,70.3,0.00,0.0,13,0.9,0,10,-0.7207,0.6680,0.0576,8.09,1.59,0.23,1.0572,12.82,25.7,48
297067,2026-09-05,15:29:03,1,51.4707947,-0.9785453,70.3,0.00,0.0,13,0.9,0,10,-0.5854,0.6521,0.2678,10.55,-3.97,15.98,1.1631,48.92,25.7,49
298067,2026-09-05,15:29:04,1,51.4707942,-0.9785457,70.3,0.00,0.0,13,0.9,0,10,-0.8623,0.4902,0.2710,8.39,-0.79,-2.53,1.0985,30.65,25.7,49
299067,2026-09-05,15:29:05,1,51.4707938,-0.9785457,70.3,0.00,0.0,13,0.9,0,10,-0.8196,0.5767,0.1455,8.82,0.95,-1.10,1.0427,15.73,25.7,49
300067,2026-09-05,15:29:06,1,51.4707935,-0.9785457,70.3,0.00,0.0,13,0.9,0,10,-0.8176,0.5952,0.1555,8.91,-0.88,-0.51,1.0517,13.85,25.7,48
301067,2026-09-05,15:29:07,1,51.4707935,-0.9785457,70.3,0.00,0.0,13,0.9,0,10,-0.8445,0.5903,0.1523,10.55,1.29,-0.99,1.0416,14.37,25.8,49
302067,2026-09-05,15:29:08,1,51.4707930,-0.9785460,70.3,0.00,0.0,13,0.9,0,10,-0.8167,0.6101,0.1455,7.27,0.07,-0.42,1.0382,11.94,25.8,49
303067,2026-09-05,15:29:09,1,51.4707927,-0.9785465,70.3,0.00,0.0,13,0.9,0,10,-0.8257,0.6067,0.1213,11.24,-1.02,4.93,1.0411,12.56,25.8,49
304067,2026-09-05,15:29:10,1,51.4707923,-0.9785467,70.3,0.00,0.0,13,0.9,0,10,-0.8120,0.6201,0.1025,10.31,3.06,1.75,1.0346,11.37,25.8,48
305067,2026-09-05,15:29:11,1,51.4707918,-0.9785468,70.3,0.00,0.0,13,0.9,0,10,-0.7952,0.6228,0.1335,7.21,0.05,-1.10,1.0409,12.80,25.8,49
306067,2026-09-05,15:29:12,1,51.4707918,-0.9785468,70.3,0.00,0.0,13,0.9,0,10,-0.8396,0.6094,0.1143,7.57,-1.64,1.08,1.0437,10.74,25.8,49
307067,2026-09-05,15:29:13,1,51.4707918,-0.9785468,70.3,0.00,0.0,13,0.9,0,11,-0.7434,0.6841,0.0820,9.76,-0.37,-5.85,1.0667,22.04,25.8,38
308067,2026-09-05,15:29:14,1,51.4707917,-0.9785467,70.3,0.00,0.0,13,0.9,0,11,-0.8210,0.6177,0.0759,13.21,5.69,7.06,1.0462,17.52,25.9,49
309067,2026-09-05,15:29:15,1,51.4707913,-0.9785468,70.2,0.00,0.0,13,0.9,0,11,-0.8052,0.6677,0.0713,5.03,1.88,6.20,1.0700,19.47,25.8,49
310067,2026-09-05,15:29:16,1,51.4707908,-0.9785468,70.2,0.00,0.0,13,0.9,0,11,-0.7192,0.7517,-0.0208,5.56,4.21,11.88,1.0813,27.78,25.9,49
311067,2026-09-05,15:29:17,1,51.4707905,-0.9785470,70.1,0.00,0.0,13,0.9,0,11,-0.7551,0.7031,-0.0002,6.82,3.88,-2.23,1.0450,19.49,25.9,48
312067,2026-09-05,15:29:18,1,51.4707902,-0.9785472,70.1,0.00,0.0,13,0.9,0,11,-0.7654,0.6670,-0.0403,10.35,-0.16,0.83,1.0379,14.55,25.9,49
313067,2026-09-05,15:29:19,1,51.4707900,-0.9785470,70.1,0.00,0.0,13,0.9,0,11,-0.7844,0.6616,-0.0393,9.95,0.76,-1.84,1.0369,13.26,25.9,49
314067,2026-09-05,15:29:20,1,51.4707898,-0.9785467,70.0,0.00,0.0,13,0.9,0,11,-0.8108,0.6335,-0.0005,5.67,0.22,-2.79,1.0417,14.91,25.9,49
315067,2026-09-05,15:29:21,1,51.4707897,-0.9785467,70.0,0.00,0.0,13,0.9,0,11,-0.8369,0.5723,0.0229,5.18,1.88,-0.12,1.0328,18.31,25.9,48
316067,2026-09-05,15:29:22,1,51.4707895,-0.9785465,70.0,0.00,0.0,13,0.9,0,11,-0.8120,0.5688,0.0889,4.79,-3.89,0.58,1.0610,27.78,25.9,49
317067,2026-09-05,15:29:23,1,51.4707893,-0.9785465,70.0,0.00,0.0,13,0.9,0,11,-0.8381,0.5869,0.1418,6.12,5.15,0.56,1.0489,51.16,25.9,49
318067,2026-09-05,15:29:24,1,51.4707892,-0.9785463,70.0,0.00,0.0,13,0.9,0,11,-0.8521,0.5854,-0.0027,10.32,-1.48,-0.04,1.0339,41.06,25.9,49
319067,2026-09-05,15:29:25,1,51.4707890,-0.9785462,70.0,0.00,0.0,13,0.9,0,11,-0.8359,0.5708,-0.0322,10.87,3.84,0.14,1.0439,14.67,25.9,48
320067,2026-09-05,15:29:26,1,51.4707888,-0.9785462,70.0,0.00,0.0,13,0.9,0,11,-0.8901,0.5027,0.0518,9.95,2.83,-4.56,1.0360,15.44,25.9,49
321067,2026-09-05,15:29:27,1,51.4707888,-0.9785460,70.0,0.00,0.0,13,0.9,0,11,-0.8699,0.5449,0.0100,10.89,-0.02,0.68,1.0419,22.02,25.9,49
322067,2026-09-05,15:29:28,1,51.4707888,-0.9785460,70.0,0.00,0.0,13,0.9,0,11,-0.8799,0.5374,-0.0400,15.28,-0.40,3.82,1.0388,15.76,25.9,48
323067,2026-09-05,15:29:29,1,51.4707888,-0.9785462,70.0,0.00,0.0,13,0.9,0,11,-0.8735,0.5425,0.0105,13.83,-0.31,-0.13,1.0390,13.83,25.9,49
324067,2026-09-05,15:29:30,1,51.4707888,-0.9785463,70.0,0.00,0.0,13,0.9,0,11,-0.8618,0.5376,0.0415,8.15,-2.55,-2.45,1.0367,16.31,26.0,49
325067,2026-09-05,15:29:31,1,51.4707890,-0.9785463,69.9,0.00,0.0,13,0.9,0,11,-0.8564,0.5415,0.0344,8.04,1.28,-2.19,1.0564,28.15,25.9,49
326067,2026-09-05,15:29:32,1,51.4707890,-0.9785465,69.9,0.00,0.0,13,0.9,0,11,-0.8723,0.5720,0.0427,11.30,-7.01,-0.57,1.0449,16.15,26.0,48
327067,2026-09-05,15:29:33,1,51.4707890,-0.9785467,69.9,0.00,0.0,13,0.9,0,11,-0.7556,0.6182,0.0137,-0.30,0.38,-3.12,1.0674,21.71,26.0,49
328067,2026-09-05,15:29:34,1,51.4707892,-0.9785467,69.9,0.00,0.0,13,0.9,0,11,-0.8037,0.6401,-0.0728,9.82,-3.08,3.95,1.0796,26.90,25.9,49
329067,2026-09-05,15:29:35,1,51.4707892,-0.9785467,69.9,0.00,0.0,13,0.9,0,11,-0.8672,0.5369,0.0024,7.27,0.41,-3.28,1.0492,16.24,26.0,49
330067,2026-09-05,15:29:36,1,51.4707893,-0.9785467,69.9,0.00,0.0,13,0.9,0,11,-0.8835,0.6133,-0.0405,4.44,-10.27,-0.30,1.0910,31.91,26.0,48
331067,2026-09-05,15:29:37,1,51.4707893,-0.9785467,69.9,0.00,0.0,13,0.9,0,11,-0.8284,0.6108,0.0183,4.64,1.33,0.86,1.0735,19.48,26.0,49
332067,2026-09-05,15:29:38,1,51.4707893,-0.9785465,69.9,0.00,0.0,13,0.9,0,11,-0.8484,0.5652,0.0476,10.09,0.45,0.84,1.0345,14.17,26.0,49
333067,2026-09-05,15:29:39,1,51.4707893,-0.9785463,69.9,0.00,0.0,13,0.9,0,11,-0.8538,0.5654,0.0496,9.52,1.29,-2.32,1.0369,14.52,26.0,49
334067,2026-09-05,15:29:40,1,51.4707892,-0.9785462,69.9,0.00,0.0,13,0.9,0,11,-0.8345,0.5710,0.0645,11.25,3.75,3.73,1.0288,15.66,26.0,48
335067,2026-09-05,15:29:41,1,51.4707892,-0.9785462,69.9,0.00,0.0,13,0.9,0,11,-0.8333,0.5569,0.0869,5.06,4.50,-0.66,1.0358,13.00,26.0,49
336067,2026-09-05,15:29:42,1,51.4707892,-0.9785460,69.9,0.00,0.0,12,0.9,0,11,-0.8665,0.5474,0.0740,9.50,-2.23,0.68,1.0379,12.18,26.0,49
337067,2026-09-05,15:29:43,1,51.4707892,-0.9785458,69.9,0.00,0.0,12,0.9,0,12,-0.8374,0.5239,0.0928,8.33,-1.14,-7.98,1.0291,13.60,26.0,38
338067,2026-09-05,15:29:44,1,51.4707892,-0.9785458,69.9,0.00,0.0,13,0.9,0,12,-0.8640,0.5100,0.0505,9.98,4.23,8.54,1.0491,18.82,26.0,49
339067,2026-09-05,15:29:45,1,51.4707892,-0.9785458,69.9,0.00,0.0,13,0.9,0,12,-0.8203,0.5503,0.0720,11.95,2.63,2.73,1.0682,24.74,26.0,49
340067,2026-09-05,15:29:46,1,51.4707893,-0.9785458,69.9,0.00,0.0,13,0.9,0,12,-0.8665,0.5498,0.0823,8.21,1.80,-1.94,1.0406,14.82,26.0,49
341067,2026-09-05,15:29:47,1,51.4707893,-0.9785458,69.9,0.00,0.0,13,0.9,0,12,-0.8298,0.5693,0.0510,7.67,0.38,-1.17,1.0286,15.90,26.0,48
342067,2026-09-05,15:29:48,1,51.4707893,-0.9785460,69.9,0.00,0.0,13,0.9,0,12,-0.8430,0.5542,0.0471,9.80,-1.05,0.45,1.0333,12.91,26.0,49
343067,2026-09-05,15:29:49,1,51.4707893,-0.9785462,69.9,0.00,0.0,12,0.9,0,12,-0.8501,0.5454,0.0488,9.23,-1.06,-2.17,1.0265,12.82,26.0,49
344067,2026-09-05,15:29:50,1,51.4707893,-0.9785463,69.9,0.00,0.0,12,0.9,0,12,-0.8467,0.5437,0.0615,9.38,-0.55,-0.03,1.0307,13.86,26.0,49
345067,2026-09-05,15:29:51,1,51.4707893,-0.9785465,70.0,0.00,0.0,13,0.9,0,12,-0.8433,0.5312,0.0872,8.88,-0.82,-0.20,1.0313,13.10,26.1,48
346067,2026-09-05,15:29:52,1,51.4707893,-0.9785465,70.0,0.00,0.0,13,0.9,0,12,-0.8357,0.5366,0.1013,5.41,-0.91,1.14,1.0347,17.06,26.1,49
347067,2026-09-05,15:29:53,1,51.4707895,-0.9785468,70.0,0.00,0.0,13,0.9,0,12,-0.8428,0.5291,0.1367,10.38,-4.40,-1.22,1.0315,14.96,26.0,49
348067,2026-09-05,15:29:54,1,51.4707895,-0.9785468,70.0,0.00,0.0,12,0.9,0,12,-0.8398,0.5142,0.2285,10.22,-2.80,0.12,1.0602,38.21,26.1,49
349067,2026-09-05,15:29:55,1,51.4707895,-0.9785470,70.0,0.00,0.0,12,0.9,0,12,-0.8496,0.5234,0.2046,7.93,-1.77,-2.66,1.0371,12.77,26.1,48
350067,2026-09-05,15:29:56,1,51.4707895,-0.9785470,70.0,0.00,0.0,12,0.9,0,12,-0.8625,0.5266,0.1548,9.15,2.25,-0.15,1.0354,20.01,26.1,49
351067,2026-09-05,15:29:57,1,51.4707895,-0.9785470,70.0,0.00,0.0,12,0.9,0,12,-0.8440,0.5159,0.1541,4.56,3.30,2.54,1.0317,11.94,26.1,49
352067,2026-09-05,15:29:58,1,51.4707895,-0.9785470,70.0,0.00,0.0,12,0.9,0,12,-0.8601,0.5261,0.1782,7.01,-0.90,0.30,1.0296,13.55,26.1,48
353067,2026-09-05,15:29:59,1,51.4707895,-0.9785470,69.9,0.00,0.0,13,0.9,0,12,-0.8486,0.5491,0.1187,6.54,7.80,1.88,1.0374,17.35,26.1,49
354067,2026-09-05,15:30:00,1,51.4707897,-0.9785470,69.9,0.00,0.0,13,0.9,0,12,-0.8484,0.5491,0.0891,6.29,0.80,0.66,1.0323,15.02,26.1,49
355067,2026-09-05,15:30:01,1,51.4707897,-0.9785470,69.9,0.00,0.0,13,0.9,0,12,-0.8572,0.5408,0.0938,7.86,0.85,0.37,1.0301,14.09,26.0,49
356067,2026-09-05,15:30:02,1,51.4707903,-0.9785557,68.5,2.44,0.0,13,0.9,0,12,-0.8862,0.5229,0.0237,15.00,3.27,7.84,1.0844,46.61,26.0,48
357067,2026-09-05,15:30:03,1,51.4707870,-0.9785640,66.2,2.41,0.0,12,0.9,0,12,-0.8557,0.5007,0.1570,14.68,13.10,3.59,1.0636,31.37,26.1,49
358067,2026-09-05,15:30:04,1,51.4707865,-0.9785520,60.6,1.52,0.0,12,0.9,0,12,-0.8660,0.4775,0.2888,-7.04,-2.27,3.72,1.1536,156.59,26.0,49
359067,2026-09-05,15:30:05,1,51.4708755,-0.9786040,70.4,15.93,346.8,12,0.9,0,12,-0.8745,0.4319,0.2974,8.71,-2.96,-1.42,1.0502,19.11,26.0,49
360067,2026-09-05,15:30:06,1,51.4709182,-0.9786050,77.8,18.09,356.0,12,0.9,0,12,-0.8645,0.4319,0.2993,8.29,-1.45,-0.94,1.0358,11.00,26.0,48
361067,2026-09-05,15:30:07,1,51.4709642,-0.9785913,82.0,20.41,2.3,12,0.9,0,12,-0.8726,0.4390,0.3013,6.30,-0.30,0.19,1.0280,11.30,26.0,49
362067,2026-09-05,15:30:08,1,51.4709668,-0.9785860,80.1,0.00,2.3,12,0.9,0,12,-0.8782,0.4414,0.2920,8.19,0.91,-1.09,1.0296,10.31,26.0,49
363067,2026-09-05,15:30:09,1,51.4710833,-0.9785788,104.1,0.00,2.3,12,0.9,0,12,-0.8694,0.4243,0.3062,9.84,0.24,1.16,1.0290,10.91,26.0,49
364067,2026-09-05,15:30:10,1,51.4710817,-0.9785753,103.4,0.00,2.3,12,0.9,0,12,-0.8567,0.4331,0.2947,7.14,-0.57,-2.77,1.0298,9.65,26.0,48
365067,2026-09-05,15:30:11,1,51.4710788,-0.9785687,102.0,0.00,2.3,12,0.9,0,12,-0.8608,0.4375,0.3047,7.84,-0.12,1.91,1.0325,10.80,25.9,49
366067,2026-09-05,15:30:12,1,51.4710748,-0.9785623,100.6,0.00,2.3,12,0.9,0,12,-0.8591,0.4126,0.3059,7.06,2.07,0.80,1.0261,11.01,26.0,49
367188,2026-09-05,15:30:13,1,51.4710698,-0.9785563,99.3,0.00,2.3,12,0.9,0,13,-0.8655,0.4290,0.3145,9.54,1.03,2.02,1.0222,10.53,26.0,45
368188,2026-09-05,15:30:14,1,51.4710642,-0.9785508,98.1,0.00,2.3,12,0.9,0,13,-0.9158,0.4546,0.1816,-0.79,2.57,-2.11,1.0673,55.51,25.9,49
369188,2026-09-05,15:30:15,1,51.4710608,-0.9785478,97.5,0.00,2.3,12,0.9,0,13,-0.8774,0.4900,0.0220,8.73,-0.72,-1.53,1.0510,30.12,25.9,49
370188,2026-09-05,15:30:16,1,51.4710540,-0.9785422,96.3,0.00,2.3,12,0.9,0,13,-0.9553,0.4331,0.0730,16.34,-9.27,8.51,1.1588,28.76,25.9,49
371188,2026-09-05,15:30:17,1,51.4710470,-0.9785363,95.2,0.00,2.3,13,0.9,0,13,-0.8850,0.4556,0.0166,5.71,1.32,10.73,1.0357,16.37,25.8,48
372188,2026-09-05,15:30:18,1,51.4710397,-0.9785303,94.1,0.00,2.3,13,0.9,0,13,-0.9507,0.3945,0.0955,14.80,-13.56,-7.33,1.0683,21.37,25.8,49
373188,2026-09-05,15:30:19,1,51.4710323,-0.9785238,93.0,0.00,2.3,13,0.9,0,13,-0.9236,0.4136,0.0728,8.86,-2.52,0.98,1.0490,15.42,25.8,49
374188,2026-09-05,15:30:20,1,51.4710242,-0.9785190,92.0,0.00,2.3,13,0.9,0,13,-0.9026,0.4307,0.0889,8.12,-1.59,-0.50,1.0245,10.28,25.8,49
375188,2026-09-05,15:30:21,1,51.4710157,-0.9785163,91.1,0.00,2.3,13,0.9,0,13,-0.8916,0.4412,0.0884,7.28,-3.13,-0.30,1.0212,10.39,25.8,48
376188,2026-09-05,15:30:22,1,51.4710070,-0.9785150,90.2,0.00,2.3,13,0.9,0,13,-0.9026,0.4333,0.0889,8.55,-0.97,0.40,1.0305,11.23,25.8,49
377188,2026-09-05,15:30:23,1,51.4710018,-0.9785153,89.6,0.00,2.3,13,0.9,0,13,-0.8994,0.4399,0.1042,7.64,-0.41,0.47,1.0215,11.72,25.8,49
378188,2026-09-05,15:30:24,1,51.4709973,-0.9785155,89.1,0.00,2.3,13,0.9,0,13,-0.8967,0.4392,0.1096,8.70,1.02,-1.49,1.0347,10.53,25.8,49
379188,2026-09-05,15:30:25,1,51.4709923,-0.9785158,88.5,0.00,2.3,13,0.9,0,13,-0.8965,0.4380,0.1011,6.99,1.38,1.38,1.0205,9.65,25.8,48
380188,2026-09-05,15:30:26,1,51.4709872,-0.9785167,88.0,0.00,2.3,13,0.9,0,13,-0.9082,0.4353,0.0901,7.86,0.06,1.03,1.0224,9.81,25.9,49
381188,2026-09-05,15:30:27,1,51.4709830,-0.9785168,87.5,0.00,2.3,13,0.9,0,13,-0.8921,0.4570,0.1084,8.98,-0.24,0.20,1.0184,9.68,25.9,49
382188,2026-09-05,15:30:28,1,51.4709778,-0.9785183,87.0,0.00,2.3,13,0.9,0,13,-0.8977,0.4375,0.1172,8.06,0.53,-1.18,1.0231,10.47,25.9,48
383188,2026-09-05,15:30:29,1,51.4709740,-0.9785182,86.5,0.00,2.3,13,0.9,0,13,-0.8928,0.4436,0.1313,8.45,1.31,-0.38,1.0283,11.05,25.9,49
384188,2026-09-05,15:30:30,1,51.4709687,-0.9785192,86.0,0.00,2.3,13,0.9,0,13,-0.8877,0.4536,0.1055,6.20,-0.46,0.78,1.0182,10.85,25.9,49
385188,2026-09-05,15:30:31,1,51.4709638,-0.9785185,85.6,0.00,2.3,14,0.8,0,13,-0.8809,0.4487,0.1008,9.99,0.05,0.34,1.0251,10.23,25.9,49
386188,2026-09-05,15:30:32,1,51.4709573,-0.9785190,85.1,0.00,2.3,14,0.8,0,13,-0.8853,0.4463,0.1057,9.41,-0.89,-0.38,1.0172,10.56,25.9,48
387188,2026-09-05,15:30:33,1,51.4709518,-0.9785187,84.7,0.00,2.3,14,0.8,0,13,-0.9126,0.4429,0.1294,9.46,0.44,-0.57,1.0226,10.34,25.9,49
388188,2026-09-05,15:30:34,1,51.4709460,-0.9785187,84.3,0.00,2.3,14,0.8,0,13,-0.8953,0.4451,0.1289,7.36,0.47,0.17,1.0262,10.39,25.9,49
389188,2026-09-05,15:30:35,1,51.4709378,-0.9785197,83.9,0.00,2.3,14,0.8,0,13,-0.9023,0.4426,0.1187,6.08,2.08,-0.75,1.0233,11.08,25.9,49
390188,2026-09-05,15:30:36,1,51.4709322,-0.9785187,83.5,0.00,2.3,14,0.8,0,13,-0.9092,0.4380,0.1123,8.89,-0.35,0.48,1.0171,10.56,25.9,48
391188,2026-09-05,15:30:37,1,51.4709268,-0.9785175,83.2,0.00,2.3,14,0.8,0,13,-0.8831,0.4468,0.1265,8.44,0.23,-0.69,1.0219,10.72,25.9,49
392188,2026-09-05,15:30:38,1,51.4709203,-0.9785165,82.8,0.00,2.3,14,0.8,0,13,-0.8806,0.4390,0.1309,7.25,-1.34,-1.14,1.0273,11.63,25.9,49
393188,2026-09-05,15:30:39,1,51.4709152,-0.9785150,82.4,0.00,2.3,14,0.8,0,13,-0.9316,0.3682,0.2002,6.37,-3.28,-4.03,1.0326,15.01,25.9,49
394188,2026-09-05,15:30:40,1,51.4709097,-0.9785128,82.0,0.00,2.3,14,0.8,0,13,-0.9270,0.3740,0.1799,13.41,1.50,5.24,1.0326,14.47,26.0,48
395188,2026-09-05,15:30:41,1,51.4709027,-0.9785108,81.6,0.00,2.3,14,0.8,0,13,-0.9041,0.4243,0.1348,9.97,-0.70,-2.41,1.0575,16.63,26.0,49
396188,2026-09-05,15:30:42,1,51.4708970,-0.9785090,81.3,0.00,2.3,14,0.8,0,13,-0.9026,0.4214,0.1533,9.30,-0.97,0.36,1.0312,10.20,25.9,49
397406,2026-09-05,15:30:44,1,51.4708867,-0.9785053,80.6,0.00,2.3,14,0.8,0,14,-0.9185,0.4187,0.1399,7.54,-1.73,0.38,1.0249,11.40,26.0,50
398406,2026-09-05,15:30:45,1,51.4708812,-0.9785040,80.2,0.00,2.3,14,0.8,0,14,-0.9067,0.4102,0.1670,6.68,-1.01,1.84,1.0192,10.23,26.0,48
399406,2026-09-05,15:30:46,1,51.4708760,-0.9785028,79.8,0.00,2.3,14,0.8,0,14,-0.9067,0.4109,0.1501,10.72,-0.81,-1.23,1.0187,11.75,26.0,49
400406,2026-09-05,15:30:47,1,51.4708715,-0.9785020,79.5,0.00,2.3,14,0.8,0,14,-0.8916,0.3752,0.2639,8.85,-2.53,0.35,1.0278,15.68,26.0,49
401406,2026-09-05,15:30:48,1,51.4708672,-0.9785015,79.2,0.00,2.3,14,0.8,0,14,-0.8843,0.3823,0.2397,7.21,1.94,-0.35,1.0313,12.12,26.0,48
402406,2026-09-05,15:30:49,1,51.4708630,-0.9785010,78.8,0.00,2.3,14,0.8,0,14,-0.8945,0.3862,0.2241,8.46,-1.45,-1.11,1.0198,10.83,26.0,49
403406,2026-09-05,15:30:50,1,51.4708595,-0.9785005,78.5,0.00,2.3,14,0.8,0,14,-0.8972,0.3975,0.2151,11.34,-0.90,-0.92,1.0239,11.41,25.9,49
404406,2026-09-05,15:30:51,1,51.4708560,-0.9785003,78.2,0.00,2.3,14,0.8,0,14,-0.9194,0.3623,0.2617,7.97,-3.39,0.74,1.0456,19.89,26.0,49
405406,2026-09-05,15:30:52,1,51.4708522,-0.9784995,77.9,0.00,2.3,14,0.8,0,14,-0.9104,0.4094,0.2102,9.62,13.05,4.26,1.0459,16.76,26.0,48
406406,2026-09-05,15:30:53,1,51.4708477,-0.9784978,77.6,0.00,2.3,14,0.8,0,14,-0.9202,0.4155,0.1633,11.08,-0.19,-0.88,1.0313,22.46,26.0,49
407406,2026-09-05,15:30:54,1,51.4708437,-0.9784958,77.3,0.00,2.3,14,0.8,0,14,-0.9128,0.4038,0.1672,8.22,-0.48,1.00,1.0253,11.10,26.0,49
408406,2026-09-05,15:30:55,1,51.4708398,-0.9784938,76.8,0.00,2.3,14,0.8,0,14,-0.8953,0.4138,0.1943,9.61,-1.41,-0.11,1.0290,12.98,26.0,49
409406,2026-09-05,15:30:56,1,51.4708372,-0.9784930,76.4,0.00,2.3,14,0.8,0,14,-0.9194,0.3916,0.1755,9.84,-0.65,-2.88,1.0305,10.86,26.0,48
410406,2026-09-05,15:30:57,1,51.4708360,-0.9784923,76.0,0.00,2.3,14,0.8,0,14,-0.8853,0.4067,0.1755,7.60,0.78,-0.84,1.0268,13.91,26.0,49
411406,2026-09-05,15:30:58,1,51.4708335,-0.9784932,75.7,0.00,2.3,14,0.8,0,14,-0.9414,0.4016,0.1362,3.02,-6.42,-5.74,1.0325,12.20,26.0,49
412406,2026-09-05,15:30:59,1,51.4708325,-0.9784923,75.4,0.00,2.3,14,0.8,0,14,-0.9131,0.3745,0.2144,11.17,-0.35,-0.75,1.0613,18.64,26.0,49
413406,2026-09-05,15:31:00,1,51.4708310,-0.9784918,75.1,0.00,2.3,14,0.8,0,14,-0.9087,0.4285,0.1860,12.07,11.14,11.54,1.0383,20.07,26.0,48
414406,2026-09-05,15:31:01,1,51.4708297,-0.9784912,74.8,0.00,2.3,14,0.8,0,14,-0.9224,0.3901,0.2534,7.88,2.78,5.33,1.0771,28.22,26.0,49
415406,2026-09-05,15:31:02,1,51.4708283,-0.9784905,74.5,0.00,2.3,14,0.8,0,14,-0.9023,0.4062,0.1865,7.00,1.71,0.03,1.0267,12.25,26.0,49
416406,2026-09-05,15:31:03,1,51.4708275,-0.9784902,74.4,0.00,2.3,14,0.8,0,14,-0.8879,0.4058,0.2000,8.80,3.14,1.41,1.0191,10.69,26.0,48
417406,2026-09-05,15:31:04,1,51.4708263,-0.9784898,74.2,0.00,2.3,14,0.8,0,14,-0.8723,0.4329,0.0764,2.38,7.34,2.14,1.0189,29.11,26.0,49
418406,2026-09-05,15:31:05,1,51.4708258,-0.9784895,74.1,0.00,2.3,14,0.8,0,14,-0.8918,0.4492,0.0698,8.49,-1.37,-0.73,1.0278,12.12,26.0,49
419406,2026-09-05,15:31:06,1,51.4708250,-0.9784897,74.0,0.00,2.3,14,0.8,0,14,-0.9033,0.4419,0.0598,9.37,-4.12,-0.58,1.0246,13.06,26.0,49
420406,2026-09-05,15:31:07,1,51.4708240,-0.9784898,73.9,0.00,2.3,14,0.8,0,14,-0.9065,0.3645,0.1160,9.96,6.61,2.91,1.0563,24.14,26.0,48
421406,2026-09-05,15:31:08,1,51.4708230,-0.9784900,73.8,0.00,2.3,14,0.8,0,14,-0.8997,0.4578,0.1116,9.13,-7.41,-1.51,1.0440,14.26,26.0,49
422406,2026-09-05,15:31:09,1,51.4708222,-0.9784903,73.7,0.00,2.3,14,0.8,0,14,-0.9016,0.4307,0.0864,6.50,0.05,-0.56,1.0314,13.96,26.0,49
423406,2026-09-05,15:31:10,1,51.4708200,-0.9784905,73.2,0.00,2.3,14,0.8,0,14,-0.9182,0.3992,0.0793,8.13,0.89,3.81,1.0249,12.99,26.0,49
424406,2026-09-05,15:31:11,1,51.4708185,-0.9784905,72.8,0.91,2.3,14,0.8,0,14,-0.9011,0.4141,0.1113,8.41,0.74,-2.06,1.0193,11.05,25.9,48
425406,2026-09-05,15:31:12,1,51.4708188,-0.9784908,72.9,0.33,2.3,14,0.8,0,14,-0.8928,0.4131,0.1096,7.43,-1.24,-0.34,1.0185,10.40,25.9,49
426406,2026-09-05,15:31:13,1,51.4708188,-0.9784912,72.9,0.00,2.3,14,0.8,0,14,-0.8979,0.4043,0.1057,7.30,1.94,-0.58,1.0200,11.39,25.9,49
427620,2026-09-05,15:31:14,1,51.4708182,-0.9784913,72.7,0.00,2.3,14,0.8,0,15,-0.9102,0.4036,0.1025,6.87,-0.78,0.55,1.0241,11.66,25.9,49
428619,2026-09-05,15:31:15,1,51.4708178,-0.9784918,72.6,0.00,2.3,14,0.8,0,15,-0.9060,0.4119,0.0837,7.64,1.27,-1.27,1.0167,10.52,25.9,48
429619,2026-09-05,15:31:16,1,51.4708173,-0.9784922,72.4,0.00,2.3,14,0.8,0,15,-0.9028,0.4041,0.1433,9.64,-0.71,-0.24,1.0387,14.99,25.8,49
430619,2026-09-05,15:31:17,1,51.4708170,-0.9784925,72.3,0.00,2.3,14,0.8,0,15,-0.9602,0.3240,0.1409,2.99,-1.61,-7.34,1.0371,15.26,25.8,49
431619,2026-09-05,15:31:18,1,51.4708167,-0.9784928,72.2,0.00,2.3,14,0.8,0,15,-0.9414,0.3940,0.1099,-0.27,-0.32,-0.34,1.1089,21.11,25.8,48
432619,2026-09-05,15:31:19,1,51.4708165,-0.9784933,72.0,0.00,2.3,14,0.8,0,15,-0.9045,0.3943,0.0896,9.11,-3.16,-3.06,1.0397,16.22,25.8,49
433619,2026-09-05,15:31:20,1,51.4708163,-0.9784937,71.9,0.00,2.3,14,0.8,0,15,-0.9297,0.3738,0.1079,8.72,0.68,2.97,1.0197,11.87,25.8,49
434619,2026-09-05,15:31:21,1,51.4708162,-0.9784940,71.8,0.00,2.3,14,0.8,0,15,-0.9138,0.3813,0.1079,9.74,-1.11,-1.52,1.0176,10.54,25.8,49
435619,2026-09-05,15:31:22,1,51.4708167,-0.9784942,71.7,0.00,2.3,14,0.8,0,15,-0.9133,0.3901,0.1372,7.23,2.23,0.16,1.0229,11.82,25.8,48
436619,2026-09-05,15:31:23,1,51.4708163,-0.9784945,71.6,0.00,2.3,14,0.8,0,15,-0.8967,0.3870,0.1418,11.45,1.81,-0.58,1.0220,12.02,25.8,49
437619,2026-09-05,15:31:24,1,51.4708167,-0.9784947,71.4,0.00,2.3,14,0.8,0,15,-0.9221,0.3662,0.1392,5.76,1.70,2.37,1.0152,12.52,25.8,49
438619,2026-09-05,15:31:25,1,51.4708168,-0.9784948,71.4,0.00,2.3,14,0.8,0,15,-0.9172,0.3740,0.1531,6.74,0.88,0.14,1.0201,11.00,25.9,49
439619,2026-09-05,15:31:26,1,51.4708175,-0.9784945,71.2,0.00,2.3,13,0.9,0,15,-0.9167,0.3806,0.1526,10.22,-0.30,2.41,1.0108,11.83,25.9,48
440619,2026-09-05,15:31:27,1,51.4708177,-0.9784950,71.1,0.00,2.3,13,0.9,0,15,-0.8938,0.3818,0.1404,9.98,-1.26,-1.86,1.0127,10.23,25.9,49
441619,2026-09-05,15:31:28,1,51.4708175,-0.9784955,71.0,0.00,2.3,13,0.9,0,15,-0.9114,0.3572,0.1384,7.24,0.62,1.59,1.0194,9.92,25.9,49
442619,2026-09-05,15:31:29,1,51.4708177,-0.9784958,70.9,0.00,2.3,13,0.9,0,15,-0.9465,0.3052,0.1831,10.55,1.20,-2.29,1.0877,25.59,25.9,49
443619,2026-09-05,15:31:30,1,51.4708177,-0.9784962,70.9,0.00,2.3,13,0.9,0,15,-0.7627,0.4497,0.1189,43.64,-2.52,49.60,1.2064,69.14,25.8,48
444619,2026-09-05,15:31:31,1,51.4708180,-0.9784965,70.8,0.00,2.3,13,0.9,0,15,-0.7493,0.3418,1.2847,132.33,0.41,7.11,1.5260,132.52,25.8,49
445619,2026-09-05,15:31:32,1,51.4708182,-0.9784968,70.7,0.00,2.3,13,0.9,0,15,-0.4585,1.1587,0.0913,11.25,47.34,21.99,1.4217,260.09,25.8,49
446619,2026-09-05,15:31:33,1,51.4708183,-0.9784972,70.7,0.00,2.3,14,0.8,0,15,0.0757,0.8398,0.4585,-62.55,92.47,12.00,1.4328,140.11,25.8,48
447619,2026-09-05,15:31:34,1,51.4708185,-0.9784977,70.6,0.00,2.3,14,0.8,0,15,-0.1465,0.6968,0.7175,9.83,11.54,21.45,1.7194,152.10,25.8,49
448619,2026-09-05,15:31:35,1,51.4708183,-0.9784982,70.6,0.00,2.3,14,0.8,0,15,-0.5063,0.5649,0.3196,75.88,91.43,-33.91,1.5486,191.95,25.8,49
449619,2026-09-05,15:31:36,1,51.4708170,-0.9784995,70.4,0.00,2.3,14,0.8,0,15,-0.5718,0.4121,-0.1370,35.80,-61.23,44.38,1.5009,148.89,25.8,49
450619,2026-09-05,15:31:37,1,51.4708163,-0.9785003,70.2,0.00,2.3,14,0.8,0,15,-0.4897,0.2917,0.8218,-78.32,0.03,7.68,1.4376,157.05,25.8,48
451619,2026-09-05,15:31:38,1,51.4708097,-0.9784983,69.5,0.00,2.3,14,0.8,0,15,-0.1541,0.2124,0.6758,19.02,-100.74,-119.16,1.2438,161.34,25.8,49
452619,2026-09-05,15:31:39,1,51.4708105,-0.9784995,69.6,3.17,2.3,14,0.8,0,15,-0.0569,0.3691,1.1223,15.31,-44.96,-7.12,1.2457,195.79,25.8,49
453619,2026-09-05,15:31:40,1,51.4708113,-0.9785007,69.8,0.00,2.3,14,0.8,0,15,-0.3196,-0.0161,0.8232,0.48,-17.37,109.13,1.3370,169.29,25.7,49
454619,2026-09-05,15:31:41,1,51.4708113,-0.9785018,69.8,0.00,2.3,14,0.8,0,15,-0.4573,0.0930,0.6877,43.16,41.58,-56.33,1.4625,162.42,25.6,48
455619,2026-09-05,15:31:42,1,51.4708190,-0.9785008,69.6,0.00,2.3,14,0.8,0,15,-0.3513,0.2224,0.9878,-6.95,1.87,-18.35,1.2572,77.32,25.5,49
456619,2026-09-05,15:31:43,1,51.4708257,-0.9784963,69.0,3.28,2.3,14,0.8,0,15,-0.4653,0.1467,1.1255,58.78,10.48,-29.01,1.5630,149.04,25.5,49
457833,2026-09-05,15:31:44,1,51.4708305,-0.9784908,68.3,2.61,2.3,14,0.8,0,16,-0.3037,0.3845,1.0378,21.66,-23.30,-0.34,1.5477,111.37,25.5,49
458833,2026-09-05,15:31:45,1,51.4708382,-0.9784898,67.9,3.28,2.3,14,0.8,0,16,-0.3103,0.2507,0.8291,7.98,-12.12,2.13,1.6584,92.82,25.5,49
459833,2026-09-05,15:31:46,1,51.4708467,-0.9784857,67.4,4.11,36.2,14,0.8,0,16,-0.3892,0.0640,0.9729,43.08,5.05,30.01,1.4513,103.35,25.4,49
460833,2026-09-05,15:31:47,1,51.4708530,-0.9784782,67.2,2.46,36.2,14,0.8,0,16,-0.3333,0.0684,0.8306,36.60,15.93,15.49,1.2550,55.36,25.4,49
461833,2026-09-05,15:31:48,1,51.4708582,-0.9784722,67.2,2.54,36.2,14,0.8,0,16,-0.3799,0.3430,0.7458,54.41,0.68,-36.04,1.7006,127.88,25.4,48
462833,2026-09-05,15:31:49,1,51.4708628,-0.9784698,67.3,1.61,36.2,14,0.8,0,16,-0.4690,0.3342,0.8557,-0.88,-27.63,19.59,1.4053,105.34,25.4,49
463833,2026-09-05,15:31:50,1,51.4708680,-0.9784697,66.7,2.50,36.2,14,0.8,0,16,-0.4065,0.1606,0.7839,13.88,8.59,26.70,1.4906,88.41,25.3,49
464833,2026-09-05,15:31:51,1,51.4708735,-0.9784720,66.4,1.98,36.2,14,0.8,0,16,-0.3342,0.2393,0.8569,9.28,-18.33,11.66,1.4167,56.15,25.3,49
465833,2026-09-05,15:31:52,1,51.4708775,-0.9784772,66.0,2.15,36.2,14,0.8,0,16,-0.3264,0.2891,1.1350,-6.65,-11.33,9.06,1.3156,54.69,25.4,48
466833,2026-09-05,15:31:53,1,51.4708808,-0.9784833,65.9,1.80,36.2,14,0.8,0,16,-0.2346,0.1821,0.9426,23.14,-3.95,17.49,1.2481,51.01,25.4,49
467833,2026-09-05,15:31:54,1,51.4708812,-0.9784837,65.9,0.00,36.2,14,0.8,0,16,-0.3958,0.2466,1.0093,-7.68,10.90,37.23,1.3533,52.34,25.4,49
468833,2026-09-05,15:31:55,1,51.4708812,-0.9784843,66.0,0.00,36.2,14,0.8,0,16,-0.3206,0.5156,0.8340,30.91,-9.91,-31.21,1.1683,66.96,25.5,48
469833,2026-09-05,15:31:56,1,51.4708813,-0.9784847,66.0,0.00,36.2,14,0.8,0,16,-0.1765,0.4312,0.9436,-20.71,4.43,-40.97,1.1532,79.40,25.5,49
470833,2026-09-05,15:31:57,1,51.4708813,-0.9784850,65.9,0.00,36.2,14,0.8,0,16,0.0173,0.3718,0.7097,-3.15,-13.25,-57.12,1.3616,103.50,25.4,49
471833,2026-09-05,15:31:58,1,51.4708870,-0.9784875,66.0,2.57,36.2,14,0.8,0,16,-0.3782,0.2246,0.8196,5.50,6.30,34.91,1.2583,98.52,25.4,49
472833,2026-09-05,15:31:59,1,51.4708878,-0.9784877,66.0,0.00,36.2,13,0.9,0,16,-0.3359,0.2253,0.9214,6.41,-8.68,14.70,1.1101,35.08,25.5,48
473833,2026-09-05,15:32:00,1,51.4708877,-0.9784877,66.0,0.00,36.2,12,0.9,0,16,-0.3110,0.1826,0.7769,-27.32,-18.43,11.27,1.3220,64.04,25.5,49
474833,2026-09-05,15:32:01,1,51.4708878,-0.9784875,66.1,0.00,36.2,12,0.9,0,16,-0.5647,0.2126,0.8630,12.28,5.34,-13.68,1.2988,103.56,25.4,49
475833,2026-09-05,15:32:02,1,51.4708840,-0.9784852,65.7,1.96,36.2,12,0.9,0,16,-0.3962,0.2119,0.9773,19.11,11.89,-24.52,1.2284,45.90,25.4,49
476833,2026-09-05,15:32:03,1,51.4708798,-0.9784822,65.3,1.89,36.2,12,0.9,0,16,-0.2747,0.2202,0.9482,10.38,-24.51,-21.05,1.3566,45.64,25.3,48
477833,2026-09-05,15:32:04,1,51.4708763,-0.9784763,64.7,2.70,36.2,12,0.9,0,16,-0.4180,0.0466,1.2974,-21.26,-24.38,14.59,1.3638,87.77,25.2,49
478833,2026-09-05,15:32:05,1,51.4708705,-0.9784672,64.5,3.44,36.2,13,0.9,0,16,-0.6343,0.1355,0.7729,17.76,2.51,7.46,1.2912,52.88,25.2,49
479833,2026-09-05,15:32:06,1,51.4708683,-0.9784673,64.0,2.00,36.2,13,0.9,0,16,-0.4661,0.1306,0.6912,13.20,6.09,17.16,1.4048,88.07,25.2,48
480833,2026-09-05,15:32:07,1,51.4708677,-0.9784695,63.4,1.04,36.2,13,0.9,0,16,-0.5430,0.0820,0.8276,19.88,4.88,13.13,1.3553,65.19,25.1,49
481833,2026-09-05,15:32:08,1,51.4708690,-0.9784713,62.6,1.74,36.2,13,0.9,0,16,-0.5017,0.0581,0.8228,10.59,-6.85,16.40,1.2917,47.39,25.0,49
482833,2026-09-05,15:32:09,1,51.4708742,-0.9784747,61.5,2.39,36.2,12,0.9,0,16,-0.4072,-0.0691,0.8088,31.56,76.44,-23.30,1.5950,100.79,25.0,49
483833,2026-09-05,15:32:10,1,51.4708815,-0.9784800,60.4,3.20,36.2,11,1.0,0,16,-0.2258,-0.0793,1.4688,37.66,-6.52,-0.78,1.5784,138.77,24.9,48
484833,2026-09-05,15:32:11,1,51.4708895,-0.9784848,59.2,3.44,36.2,10,1.0,0,16,-0.6216,0.1663,0.8354,48.91,-1.35,-0.60,1.5769,100.05,24.8,49
485833,2026-09-05,15:32:12,1,51.4709008,-0.9784912,57.8,5.28,338.5,9,1.0,0,16,-0.0583,0.4055,0.5867,43.01,15.11,37.73,1.9641,247.73,24.8,49
486833,2026-09-05,15:32:13,1,51.4709122,-0.9785000,56.3,5.22,325.4,9,1.0,0,16,-0.4580,0.0969,1.0625,-58.53,-13.45,56.72,1.4509,82.61,24.8,49
488043,2026-09-05,15:32:14,1,51.4709222,-0.9785122,54.9,5.19,308.7,12,0.9,0,17,-0.4075,0.1150,0.8042,-1.94,3.95,36.62,1.6185,71.41,24.7,49
489043,2026-09-05,15:32:15,1,51.4709278,-0.9785222,53.6,3.61,280.5,13,0.8,0,17,-0.2410,0.2312,0.9021,14.25,-3.23,-3.09,1.3852,85.76,24.8,48
490043,2026-09-05,15:32:16,1,51.4709290,-0.9785298,52.4,2.57,280.5,13,0.8,0,17,-0.2566,0.2925,1.0422,16.61,-20.76,-15.60,1.4122,64.21,24.8,49
491043,2026-09-05,15:32:17,1,51.4709290,-0.9785363,51.7,2.80,280.5,12,0.9,0,17,-0.3777,0.2046,0.9229,17.88,-1.13,-5.19,1.3852,62.26,24.8,48
492043,2026-09-05,15:32:18,1,51.4709250,-0.9785412,52.0,3.09,280.5,12,0.9,0,17,-0.3894,0.1809,0.6716,-2.06,1.98,21.33,1.2744,53.00,24.8,49
493043,2026-09-05,15:32:19,1,51.4709205,-0.9785435,52.5,1.94,280.5,12,0.9,0,17,-0.3308,0.0605,0.7649,-1.11,4.80,15.44,1.3276,49.85,24.8,49
494043,2026-09-05,15:32:20,1,51.4709197,-0.9785453,52.5,1.09,280.5,12,0.9,0,17,-0.4382,0.1130,1.0417,5.30,17.31,-10.98,1.4537,48.45,24.8,49
495043,2026-09-05,15:32:21,1,51.4709197,-0.9785438,52.7,0.00,280.5,12,0.9,0,17,-0.2471,0.1123,0.8101,10.59,3.10,-20.08,1.5238,75.97,24.8,48
496043,2026-09-05,15:32:22,1,51.4709202,-0.9785418,52.7,0.00,280.5,13,0.9,0,17,-0.1877,0.1580,0.8547,13.84,-8.90,-24.04,1.4728,64.02,24.8,49
497043,2026-09-05,15:32:23,1,51.4709205,-0.9785405,52.8,0.00,280.5,12,0.9,0,17,-0.3030,0.1042,1.1692,5.17,-23.41,36.22,1.4815,62.00,24.9,49
498043,2026-09-05,15:32:24,1,51.4709210,-0.9785395,52.8,0.00,280.5,12,0.9,0,17,-0.3813,0.0181,0.8196,3.46,17.40,65.31,1.6214,78.51,24.9,49
499043,2026-09-05,15:32:25,1,51.4709217,-0.9785382,52.8,0.00,280.5,12,0.9,0,17,-0.3088,0.1648,0.9292,-25.25,26.72,41.41,1.4130,94.48,24.9,48
500043,2026-09-05,15:32:26,1,51.4709222,-0.9785377,52.8,0.00,280.5,13,0.9,0,17,-0.1731,0.0781,0.6199,25.61,14.36,-3.16,1.7260,102.42,24.8,49
501043,2026-09-05,15:32:27,1,51.4709222,-0.9785368,52.8,0.00,280.5,13,0.9,0,17,0.0408,0.2991,0.6333,19.52,28.20,6.21,1.8032,78.62,24.8,49
502043,2026-09-05,15:32:28,1,51.4709225,-0.9785363,52.9,0.00,280.5,13,0.9,0,17,-0.3684,0.3733,1.0774,71.59,-34.52,-2.78,1.7870,121.07,24.7,48
503043,2026-09-05,15:32:29,1,51.4709295,-0.9785340,51.9,2.70,280.5,13,0.9,0,17,-0.0725,0.3708,0.8696,-22.03,-62.09,46.34,1.6248,132.06,24.7,49
504043,2026-09-05,15:32:30,1,51.4709368,-0.9785325,51.3,2.69,280.5,13,0.9,0,17,-0.3896,0.2803,0.8796,32.41,7.91,28.49,1.6793,106.52,24.7,49
505043,2026-09-05,15:32:31,1,51.4709432,-0.9785330,50.7,2.19,280.5,14,0.8,0,17,-0.2253,0.0911,0.9236,4.25,-60.96,-44.63,1.7751,181.95,24.7,49
506043,2026-09-05,15:32:32,1,51.4709485,-0.9785330,50.2,2.13,280.5,14,0.8,0,17,-0.1167,0.6680,1.2019,64.59,-52.67,46.65,1.5200,110.46,24.7,48
